movieId,film_title,genres
4909,"Incredible Shrinking Woman, The (1981)",Comedy|Sci-Fi
1398,In Love and War (1996),Romance|War
1971,"Nightmare on Elm Street 4: The Dream Master, A (1988)",Horror|Thriller
127130,Mistress America (2015),Comedy
4563,Young Einstein (1988),Comedy
45726,"You, Me and Dupree (2006)",Comedy
27397,Joint Security Area (Gongdong gyeongbi guyeok JSA) (2000),Crime|Drama|Mystery|Thriller|War
7700,"Wages of Fear, The (Salaire de la peur, Le) (1953)",Action|Adventure|Drama|Thriller
114396,Cesar Chavez (2014),Drama
4117,Hope and Glory (1987),Drama
40819,Walk the Line (2005),Drama|Musical|Romance
136447,George Carlin: You Are All Diseased (1999),Comedy
1839,My Giant (1998),Comedy
1370,Die Hard 2 (1990),Action|Adventure|Thriller
95654,Geri's Game (1997),Animation|Children
2094,"Rocketeer, The (1991)",Action|Adventure|Sci-Fi
4958,Behind Enemy Lines (2001),Action|Drama|War
94919,Inhale (2010),Drama|Thriller
6858,Knife in the Water (Nóz w wodzie) (1962),Drama
183911,The Clapper (2018),Comedy
98296,Deadfall (2012),Crime|Drama|Thriller
54787,Death Sentence (2007),Drama|Thriller
43684,Something New (2006),Comedy|Drama|Romance
148626,"Big Short, The (2015)",Drama
109191,Winter's Tale (2014),Drama|Fantasy|Mystery
785,Kingpin (1996),Comedy
3235,Where the Buffalo Roam (1980),Comedy
74685,"Crazies, The (2010)",Action|Drama|Horror|Sci-Fi|Thriller
4903,In the Bedroom (2001),Drama
5054,Brainstorm (1983),Sci-Fi|Thriller
45221,Stick It (2006),Comedy
1170,Best of the Best 3: No Turning Back (1995),Action
6376,Respiro (2002),Comedy|Drama
71619,Coco Before Chanel (Coco avant Chanel) (2009),Drama
4642,Hedwig and the Angry Inch (2000),Comedy|Drama|Musical
73808,"Chaser, The (Chugyeogja) (2008)",Crime|Drama|Thriller
422,Blink (1994),Thriller
8670,"Testament of Dr. Mabuse, The (Das Testament des Dr. Mabuse) (1933)",Crime|Horror|Mystery|Thriller
5345,Triumph of the Spirit (1989),Drama
3093,McCabe & Mrs. Miller (1971),Drama|Western
89087,Colombiana (2011),Action|Adventure|Drama|Thriller
1396,Sneakers (1992),Action|Comedy|Crime|Drama|Sci-Fi
109895,Bad Words (2013),Comedy
3355,"Ninth Gate, The (1999)",Fantasy|Horror|Mystery|Thriller
118326,By the Gun (2014),Crime|Drama|Thriller
6123,Sunless (Sans Soleil) (1983),Documentary
639,Girl 6 (1996),Comedy|Drama
4813,When Worlds Collide (1951),Sci-Fi
8974,"SpongeBob SquarePants Movie, The (2004)",Adventure|Animation|Children|Comedy
7101,Doc Hollywood (1991),Comedy|Romance
193609,Andrew Dice Clay: Dice Rules (1991),Comedy
87306,Super 8 (2011),Mystery|Sci-Fi|Thriller|IMAX
122900,Ant-Man (2015),Action|Adventure|Sci-Fi
80363,Resident Evil: Afterlife (2010),Action|Horror|Sci-Fi|Thriller|IMAX
3536,Keeping the Faith (2000),Comedy|Drama|Romance
3928,Abbott and Costello Meet Frankenstein (1948),Comedy|Horror
517,Rising Sun (1993),Action|Drama|Mystery
6159,All the Real Girls (2003),Drama|Romance
49263,Fuck (2005),Comedy|Documentary
3685,Prizzi's Honor (1985),Comedy|Drama|Romance
2313,"Elephant Man, The (1980)",Drama
99910,"Last Stand, The (2013)",Action|Crime|Thriller
53123,Once (2006),Drama|Musical|Romance
97860,Killing Them Softly (2012),Crime|Drama|Thriller
2952,Sydney (Hard Eight) (1996),Crime|Drama|Thriller
114335,La cravate (1957),(no genres listed)
839,"Crow: City of Angels, The (1996)",Action|Thriller
27105,Purgatory (1999),Fantasy|Western
529,Searching for Bobby Fischer (1993),Drama
129937,Run All Night (2015),Action|Crime|Drama|Thriller
2596,SLC Punk! (1998),Comedy|Drama
3449,"Good Mother, The (1988)",Drama
8463,Johnny Belinda (1948),Drama
1097,E.T. the Extra-Terrestrial (1982),Children|Drama|Sci-Fi
99122,I Bought a Vampire Motorcycle (1990),Comedy|Horror
169180,American Fable (2017),Thriller
7650,"Witchfinder General (Conquerer Worm, The) (1968)",Horror
3208,Loaded Weapon 1 (National Lampoon's Loaded Weapon 1) (1993),Action|Comedy
1,Toy Story (1995),Adventure|Animation|Children|Comedy|Fantasy
89190,Conan the Barbarian (2011),Action|Adventure|Fantasy
41285,Match Point (2005),Crime|Drama|Romance
143410,Hyena Road,(no genres listed)
50658,49 Up (2005),Documentary
67193,Duplicity (2009),Crime|Romance|Thriller
38992,Two for the Money (2005),Drama
8373,"Stepford Wives, The (2004)",Comedy|Fantasy|Thriller
6383,"2 Fast 2 Furious (Fast and the Furious 2, The) (2003)",Action|Crime|Thriller
4754,"Wicker Man, The (1973)",Drama|Horror|Mystery|Thriller
3169,The Falcon and the Snowman (1985),Crime|Drama|Thriller
1428,Angel Baby (1995),Drama
6119,Santa Claus Is a Stinker (Le Père Noël est une ordure) (1982),Comedy
6370,"Spanish Apartment, The (L'auberge espagnole) (2002)",Comedy|Drama|Romance
41997,Munich (2005),Action|Crime|Drama|Thriller
58842,Assembly (Ji jie hao) (2007) ,Action|Drama|War
4964,Baran (2001),Adventure|Drama|Romance
592,Batman (1989),Action|Crime|Thriller
4619,Little Monsters (1989),Comedy
261,Little Women (1994),Drama
85414,Source Code (2011),Action|Drama|Mystery|Sci-Fi|Thriller
6003,Confessions of a Dangerous Mind (2002),Comedy|Crime|Drama|Thriller
6849,Scrooge (1970),Drama|Fantasy|Musical
160289,O.J.: Made in America (2016),Documentary
5772,My Dinner with André (1981),Drama
3514,Joe Gould's Secret (2000),Drama
95771,Dragon Ball Z: Broly Second Coming (Doragon bôru Z 10: Kiken na futari! Sûpâ senshi wa nemurenai) (1994),Action|Adventure|Animation
849,Escape from L.A. (1996),Action|Adventure|Sci-Fi|Thriller
6347,Beat Street (1984),Drama|Musical
6039,"Woman in Red, The (1984)",Comedy|Romance
55110,December Boys (2007),Drama
2433,"Civil Action, A (1998)",Drama
7178,"Great Gatsby, The (1974)",Drama
4616,Lean on Me (1989),Drama
419,"Beverly Hillbillies, The (1993)",Comedy
106072,Thor: The Dark World (2013),Action|Adventure|Fantasy|IMAX
106782,"Wolf of Wall Street, The (2013)",Comedy|Crime|Drama
112006,Tangled Ever After (2012),Action|Animation|Children
3046,"Incredibly True Adventure of Two Girls in Love, The (1995)",Comedy|Romance
4229,Say It Isn't So (2001),Comedy|Romance
4836,"Competition, The (1980)",Drama|Romance
3546,What Ever Happened to Baby Jane? (1962),Drama|Horror|Thriller
96861,Taken 2 (2012),Action|Crime|Drama|Thriller
34534,Four Brothers (2005),Action|Crime|Drama
4688,Black Robe (1991),Adventure|Drama
4511,High Spirits (1988),Comedy
177765,Coco (2017),Adventure|Animation|Children
27373,61* (2001),Drama
218,Boys on the Side (1995),Comedy|Drama
5610,"Banger Sisters, The (2002)",Comedy|Drama
2273,Rush Hour (1998),Action|Comedy|Crime|Thriller
2026,Disturbing Behavior (1998),Horror|Thriller
31223,Racing Stripes (2005),Children|Comedy
1285,Heathers (1989),Comedy
75985,Repo Men (2010),Action|Sci-Fi|Thriller
4031,All the Pretty Horses (2000),Drama|Romance|Western
45648,Game 6 (2005),Comedy|Drama
6664,Commando (1985),Action|Adventure
166705,Fences (2016),Drama
151311,Wiener-Dog (2016),Comedy
3751,Chicken Run (2000),Animation|Children|Comedy
7572,Wit (2001),Drama
58162,Run Fatboy Run (2007),Comedy|Romance
3633,On Her Majesty's Secret Service (1969),Action|Adventure|Romance|Thriller
3693,"Toxic Avenger, The (1985)",Comedy|Horror
61255,"Rocker, The (2008)",Comedy
49013,"Santa Clause 3: The Escape Clause, The (2006)",Comedy|Fantasy
90057,Take Shelter (2011),Drama
94160,Dante's Inferno: An Animated Epic (2010),Action|Animation|Fantasy
5444,Lilo & Stitch (2002),Adventure|Animation|Children|Sci-Fi
94931,Take This Waltz (2011),Drama|Romance
118930,Bill Burr: I'm Sorry You Feel That Way (2014),Comedy
27022,Thursday (1998),Action|Crime|Thriller
168144,Joe Rogan: Live (2006),Comedy
1958,Terms of Endearment (1983),Comedy|Drama
26828,Mr. Nanny (1993),Action|Children|Comedy
135133,The Hunger Games: Mockingjay - Part 2 (2015),Adventure|Sci-Fi
1995,Poltergeist II: The Other Side (1986),Horror|Thriller
3755,"Perfect Storm, The (2000)",Drama|Thriller
106920,Her (2013),Drama|Romance|Sci-Fi
27866,In My Father's Den (2004),Drama
1080,Monty Python's Life of Brian (1979),Comedy
5872,Die Another Day (2002),Action|Adventure|Thriller
26176,Titicut Follies (1967),Documentary|Drama
7033,"Secret of My Succe$s, The (a.k.a. The Secret of My Success) (1987)",Comedy|Romance
4889,Heist (2001),Crime|Drama
1824,Homegrown (1998),Comedy|Thriller
127132,Zipper (2015),Drama|Thriller
48696,Little Children (2006),Drama|Romance
92094,Einstein and Eddington (2008),Drama
426,Body Snatchers (1993),Horror|Sci-Fi|Thriller
2009,Soylent Green (1973),Drama|Mystery|Sci-Fi|Thriller
101415,"First Time, The (2012)",Comedy|Drama|Romance
8450,Anthony Adverse (1936),Adventure|Romance
8943,Being Julia (2004),Comedy|Drama
128695,The Dark Valley (2014),Western
3705,Bird on a Wire (1990),Action|Comedy|Romance
4902,"Devil's Backbone, The (Espinazo del diablo, El) (2001)",Drama|Fantasy|Horror|Thriller|War
90384,Behind Enemy Lines II: Axis of Evil (2006),Action|Thriller|War
27882,Riding Giants (2004),Documentary
64993,5 Centimeters per Second (Byôsoku 5 senchimêtoru) (2007),Animation|Drama|Romance
100163,Hansel & Gretel: Witch Hunters (2013),Action|Fantasy|Horror|IMAX
55577,Saw IV (2007),Crime|Horror|Thriller
72605,Brothers (2009),Drama|Thriller|War
6049,Ethan Frome (1993),Drama
164,Devil in a Blue Dress (1995),Crime|Film-Noir|Mystery|Thriller
78620,"Scalphunters, The (1968)",Comedy|Western
95690,Some Guy Who Kills People (2011),Comedy|Thriller
160565,The Purge: Election Year (2016),Action|Horror|Sci-Fi
6993,Hannah and Her Sisters (1986),Comedy|Drama|Romance
59220,Outsourced (2006),Comedy|Romance
87876,Cars 2 (2011),Adventure|Animation|Children|Comedy|IMAX
229,Death and the Maiden (1994),Drama|Thriller
105844,12 Years a Slave (2013),Drama
48304,Apocalypto (2006),Adventure|Drama|Thriller
8025,The Thief (1997),Drama
26124,Robinson Crusoe on Mars (1964),Sci-Fi
3241,"Cup, The (Phörpa) (1999)",Comedy
472,I'll Do Anything (1994),Comedy|Drama
8939,"Final Cut, The (2004)",Sci-Fi|Thriller
611,Hellraiser: Bloodline (1996),Action|Horror|Sci-Fi
55116,"Hunting Party, The (2007)",Action|Adventure|Comedy|Drama|Thriller
31410,"Downfall (Untergang, Der) (2004)",Drama|War
5792,Roger Dodger (2002),Comedy|Drama
7944,"Night of the Iguana, The (1964)",Drama|Thriller
2612,Mildred Pierce (1945),Drama|Film-Noir
678,Some Folks Call It a Sling Blade (1993),Drama|Thriller
1194,Cheech and Chong's Up in Smoke (1978),Comedy
5048,Snow Dogs (2002),Adventure|Children|Comedy
4583,Disorganized Crime (1989),Action|Comedy
33834,Land of the Dead (2005),Action|Horror|Thriller
2337,Velvet Goldmine (1998),Drama
4658,Santa Sangre (1989),Drama|Horror|Mystery|Thriller
40414,Joyeux Noël (Merry Christmas) (2005),Drama|War
177939,"The Night Is Short, Walk on Girl (2017)",Animation|Romance
32620,Not on the Lips (Pas sur la bouche) (2003),Comedy|Musical|Romance
141749,The Danish Girl (2015),Drama
72479,"Messenger, The (2009)",Drama|Romance|War
610,Heavy Metal (1981),Action|Adventure|Animation|Horror|Sci-Fi
51255,Hot Fuzz (2007),Action|Comedy|Crime|Mystery
33124,Before the Fall (NaPolA - Elite für den Führer) (2004),Drama|War
5614,"His Secret Life (a.k.a. Ignorant Fairies, The) (Fate ignoranti, Le) (2001)",Drama|Romance
479,Judgment Night (1993),Action|Crime|Thriller
4029,State and Main (2000),Comedy|Drama
105801,Escape From Tomorrow (2013),Drama|Fantasy|Horror
6232,Born Free (1966),Adventure|Children|Drama
92264,One for the Money (2012),Action|Comedy|Crime
8142,Dead or Alive: Hanzaisha (1999),Action|Crime
26350,"Passenger, The (Professione: reporter) (1975)",Drama
79073,When You're Strange (2009),Documentary
65126,Choke (2008),Comedy|Drama
6650,Kind Hearts and Coronets (1949),Comedy|Drama
2291,Edward Scissorhands (1990),Drama|Fantasy|Romance
4327,"Magnificent Seven, The (1960)",Adventure|Western
93766,Wrath of the Titans (2012),Action|Adventure|Fantasy|IMAX
2581,Never Been Kissed (1999),Comedy|Romance
182299,Porky's Hare Hunt (1938),Animation|Children|Comedy
4855,Dirty Harry (1971),Action|Crime|Thriller
53355,Sun Alley (Sonnenallee) (1999),Comedy|Romance
589,Terminator 2: Judgment Day (1991),Action|Sci-Fi
67734,Adventureland (2009),Comedy|Drama
3211,"Cry in the Dark, A (1988)",Drama
100,City Hall (1996),Drama|Thriller
26472,"Norte, El (1984)",Adventure|Drama
7984,From Beyond (1986),Horror|Sci-Fi
425,Blue Sky (1994),Drama|Romance
47566,Born to Kill (1947),Crime|Drama|Film-Noir
87194,The Way (2010),Adventure|Comedy|Drama
37720,"Exorcism of Emily Rose, The (2005)",Crime|Drama|Horror|Thriller
4437,Suspiria (1977),Horror
4800,King Solomon's Mines (1937),Action|Adventure|Drama|Romance|Thriller
273,Mary Shelley's Frankenstein (Frankenstein) (1994),Drama|Horror|Sci-Fi
8875,"Come Back, Little Sheba (1952)",Drama
6140,Tenebre (1982),Horror|Mystery|Thriller
1357,Shine (1996),Drama|Romance
4432,Sweet Smell of Success (1957),Drama|Film-Noir
2706,American Pie (1999),Comedy|Romance
3529,"Postman Always Rings Twice, The (1981)",Crime|Thriller
724,"Craft, The (1996)",Drama|Fantasy|Horror|Thriller
484,Lassie (1994),Adventure|Children
180987,Ferdinand (2017),Animation|Children|Comedy
3148,"Cider House Rules, The (1999)",Drama
3114,Toy Story 2 (1999),Adventure|Animation|Children|Comedy|Fantasy
26585,"Better Tomorrow, A (Ying hung boon sik) (1986)",Crime|Drama|Thriller
86190,Hanna (2011),Action|Adventure|Mystery|Thriller
3713,"Long Walk Home, The (1990)",Drama
55274,Elizabeth: The Golden Age (2007),Drama
888,Land Before Time III: The Time of the Great Giving (1995),Adventure|Animation|Children|Musical
135,Down Periscope (1996),Comedy
74698,Tooth Fairy (2010),Comedy|Fantasy
6185,Dark Blue (2003),Action|Crime|Drama|Thriller
7058,Life with Father (1947),Comedy
2559,"King and I, The (1999)",Animation|Children
3981,Red Planet (2000),Action|Sci-Fi|Thriller
104218,Grown Ups 2 (2013),Comedy
1167,Dear God (1996),Comedy
2336,Elizabeth (1998),Drama
177,Lord of Illusions (1995),Horror
147662,Return of the One-Armed Swordsman (1969),Action|Adventure
4251,Chopper (2000),Drama|Thriller
4129,Made in Heaven (1987),Fantasy|Romance
72167,"Boondock Saints II: All Saints Day, The (2009)",Action|Crime|Drama|Thriller
25805,"Atalante, L' (1934)",Comedy|Drama|Romance
4284,Frankie and Johnny (1966),Comedy
52375,"Hoax, The (2007)",Crime|Drama
105246,Mood Indigo (L'écume des jours) (2013),Drama|Fantasy
44020,Ultimate Avengers (2006),Action|Animation|Children|Sci-Fi
26765,City Hunter (Sing si lip yan) (1993),Action|Comedy|Romance
117107,Miss Meadows (2014),Drama
150548,Sherlock: The Abominable Bride (2016),Action|Crime|Drama|Mystery|Thriller
31364,Memories of Murder (Salinui chueok) (2003),Crime|Drama|Mystery|Thriller
2402,Rambo: First Blood Part II (1985),Action|Adventure|Thriller
6517,"Babe, The (1992)",Drama
4089,Born in East L.A. (1987),Comedy
162414,Moonlight,Drama
57147,Cassandra's Dream (2007),Crime|Drama|Thriller
2984,On Any Sunday (1971),Documentary
6899,Alien from L.A. (1988),Sci-Fi
31737,Bunny Lake Is Missing (1965),Mystery|Thriller
44191,V for Vendetta (2006),Action|Sci-Fi|Thriller|IMAX
4429,Moby Dick (1956),Drama
27869,Tae Guk Gi: The Brotherhood of War (Taegukgi hwinalrimyeo) (2004),Action|Drama|War
98697,"Money Money Money (L'aventure, c'est l'aventure) (1972)",Adventure|Comedy
38583,"Wraith, The (1986)",Action|Horror|Sci-Fi|Thriller
2652,"Curse of Frankenstein, The (1957)",Horror
51573,Meshes of the Afternoon (1943),Fantasy
147376,Doctor Who: A Christmas Carol (2010),Sci-Fi
4508,Gorillas in the Mist (1988),Drama
149146,Parasyte: Part 2 (2015),Horror|Sci-Fi
7235,Ichi the Killer (Koroshiya 1) (2001),Action|Comedy|Crime|Drama|Horror|Thriller
77266,Disgrace (2008),Drama
94325,"Lucky One, The (2012)",Drama
1605,Excess Baggage (1997),Adventure|Romance
926,All About Eve (1950),Drama
3317,Wonder Boys (2000),Comedy|Drama
2138,Watership Down (1978),Adventure|Animation|Children|Drama|Fantasy
1268,Pump Up the Volume (1990),Comedy|Drama
4654,Road House (1989),Action|Drama
39446,Saw II (2005),Horror|Thriller
57421,Hatchet (2006),Comedy|Horror
3761,"Blood In, Blood Out (1993)",Action|Crime|Drama|Thriller
4976,Iris (2001),Drama
93134,"Women on the 6th Floor, The (Les Femmes du 6ème Étage) (2010)",Comedy
81018,"Illusionist, The (L'illusionniste) (2010)",Animation
51575,Wild Hogs (2007),Adventure|Comedy
7064,Beauty and the Beast (La belle et la bête) (1946),Drama|Fantasy
8879,Murder on the Orient Express (1974),Crime|Mystery|Thriller
8864,Mr. 3000 (2004),Comedy|Drama
129397,Marvel One-Shot: Item 47 (2012),Action|Fantasy|Sci-Fi
5888,Brother (Brat) (1997),Crime|Drama
94478,Dark Shadows (2012),Comedy|Horror|IMAX
3622,"Twelve Chairs, The (1970)",Comedy
8264,Grey Gardens (1975),Documentary
87430,Green Lantern (2011),Action|Adventure|Sci-Fi
3984,Diamonds Are Forever (1971),Action|Adventure|Thriller
3398,"Muppets Take Manhattan, The (1984)",Children|Comedy|Musical
134783,Entourage (2015),Comedy
26152,Batman (1966),Action|Adventure|Comedy
1085,"Old Man and the Sea, The (1958)",Adventure|Drama
521,Romeo Is Bleeding (1993),Crime|Thriller
33639,Mad Hot Ballroom (2005),Children|Documentary
298,Pushing Hands (Tui shou) (1992),Drama
77841,St Trinian's 2: The Legend of Fritton's Gold (2009),Adventure|Comedy
165635,The Thinning (2016),Thriller
6453,Man of Aran (1934),Documentary
65682,Underworld: Rise of the Lycans (2009),Action|Fantasy|Horror|Thriller
162598,Deepwater Horizon (2016),Drama
2798,Problem Child (1990),Children|Comedy
36850,Police Story 2 (Ging chaat goo si juk jaap) (1988),Action|Comedy|Crime|Thriller
48872,13 Tzameti (2005),Film-Noir|Thriller
4484,Camille Claudel (1988),Drama
187593,Deadpool 2 (2018),Action|Comedy|Sci-Fi
52435,How the Grinch Stole Christmas! (1966),Animation|Comedy|Fantasy|Musical
6316,"Wiz, The (1978)",Adventure|Children|Comedy|Fantasy|Musical
103602,Craig Ferguson: I'm Here To Help (2013),Comedy|Documentary
152658,Santa's Little Helper (2015),Children
3831,Saving Grace (2000),Comedy
2863,"Hard Day's Night, A (1964)",Adventure|Comedy|Musical
60363,Zombie Strippers! (2008),Comedy|Horror
78637,Shrek Forever After (a.k.a. Shrek: The Final Chapter) (2010),Adventure|Animation|Children|Comedy|Fantasy|IMAX
91535,"Bourne Legacy, The (2012)",Action|Adventure|Drama|Thriller|IMAX
27660,"Animatrix, The (2003)",Action|Animation|Drama|Sci-Fi
107723,Highlander: The Search for Vengeance (2007),Action|Adventure|Fantasy
77931,Stingray Sam (2009),Comedy|Musical|Sci-Fi|Western
1643,"Mrs. Brown (a.k.a. Her Majesty, Mrs. Brown) (1997)",Drama|Romance
114627,Angel's Egg (Tenshi no tamago) (1985),Animation|Drama|Fantasy
8622,Fahrenheit 9/11 (2004),Documentary
3032,"Omega Man, The (1971)",Action|Drama|Sci-Fi|Thriller
117368,The Madagascar Penguins in a Christmas Caper (2005),Animation|Comedy
83976,"Trip, The (2010)",Comedy|Drama
65514,Ip Man (2008),Action|Drama|War
2315,Bride of Chucky (Child's Play 4) (1998),Comedy|Horror|Thriller
55267,Dan in Real Life (2007),Comedy|Drama|Romance
246,Hoop Dreams (1994),Documentary
2239,Swept Away (Travolti da un insolito destino nell'azzurro mare d'Agosto) (1975),Comedy|Drama
144352,Unforgiven (2013),Action|Crime|Drama
5721,"Chosen, The (1981)",Drama
62834,Babylon 5: The Legend of the Rangers: To Live and Die in Starlight (2002),Sci-Fi
165529,Flowers for Algernon (2000),Drama
2227,"Lodger: A Story of the London Fog, The (1927)",Crime|Drama|Thriller
7302,"Thief of Bagdad, The (1924)",Action|Adventure|Fantasy
6067,Ordinary Decent Criminal (2000),Comedy|Crime
7584,Woman of the Year (1942),Comedy|Romance
27317,Audition (Ôdishon) (1999),Drama|Horror|Mystery|Romance|Thriller
74075,Stan Helsing (2009),Comedy|Horror
8147,Charly (1968),Drama|Sci-Fi
2123,All Dogs Go to Heaven (1989),Animation|Children|Comedy|Drama|Fantasy
2155,"Slums of Beverly Hills, The (1998)",Comedy|Drama
5804,"Santa Clause 2, The (2002)",Children|Comedy|Fantasy|Romance
3289,Not One Less (Yi ge dou bu neng shao) (1999),Drama
1931,Mutiny on the Bounty (1935),Adventure|Drama
3329,The Year My Voice Broke (1987),Drama|Romance
171765,Okja (2017),Action|Adventure|Drama|Sci-Fi
1202,Withnail & I (1987),Comedy
79251,"Serbian Film, A (Srpski film) (2010)",Horror|Thriller
7202,Beyond Re-Animator (2003),Horror
2982,"Guardian, The (1990)",Horror|Thriller
4135,"Monster Squad, The (1987)",Adventure|Comedy|Horror
8754,"Prime of Miss Jean Brodie, The (1969)",Drama
56389,My Blueberry Nights (2007),Drama|Romance
6969,"Dernier Combat, Le (Last Battle, The) (1983)",Drama|Sci-Fi
8188,Sansho the Bailiff (Sanshô dayû) (1954),Drama
4769,Into the Arms of Strangers: Stories of the Kindertransport (2000),Documentary
45447,"Da Vinci Code, The (2006)",Drama|Mystery|Thriller
1884,Fear and Loathing in Las Vegas (1998),Adventure|Comedy|Drama
34530,Deuce Bigalow: European Gigolo (2005),Comedy
145491,Our Lips Are Sealed (2000),Children|Comedy|Drama
46664,"Fallen Idol, The (1948)",Drama|Mystery|Thriller
695,True Crime (1996),Mystery|Thriller
32179,Elevator to the Gallows (a.k.a. Frantic) (Ascenseur pour l'échafaud) (1958),Crime|Drama|Thriller
26840,Sonatine (Sonachine) (1993),Action|Comedy|Crime|Drama
88327,"New One-Armed Swordsman, The (Xin du bi dao) (1971)",Action|Drama|War
288,Natural Born Killers (1994),Action|Crime|Thriller
1187,Passion Fish (1992),Drama
79553,Ip Man 2 (2010),Action
70336,G.I. Joe: The Rise of Cobra (2009),Action|Adventure|Sci-Fi|Thriller
173317,Shadow World (2016),Documentary
103235,"Best Offer, The (Migliore offerta, La) (2013)",Thriller
2412,Rocky V (1990),Action|Drama
327,Tank Girl (1995),Action|Comedy|Sci-Fi
45672,Click (2006),Adventure|Comedy|Drama|Fantasy|Romance
74696,Last Train Home (2009),Documentary|Drama
55272,We Own the Night (2007),Crime|Drama
45668,"Lake House, The (2006)",Drama|Fantasy|Romance
128736,I'm Here (2010),Drama
5889,"Cruel Romance, A (Zhestokij Romans) (1984)",Drama|Romance
173205,The Meyerowitz Stories (2017),Comedy
7209,"M. Hulot’s Holiday (Mr. Hulot's Holiday) (Vacances de Monsieur Hulot, Les) (1953)",Comedy
78626,Barking Dogs Never Bite (Flandersui gae) (2000),Comedy|Horror
4353,Uncommon Valor (1983),Action|War
1779,Sphere (1998),Sci-Fi|Thriller
2450,Howard the Duck (1986),Adventure|Comedy|Sci-Fi
31590,Hands Off the Loot (Touchez pas au grisbi) (1954),Crime|Drama|Thriller
160980,Sully (2016),Drama
65802,Paul Blart: Mall Cop (2009),Action|Comedy|Crime
211,"Browning Version, The (1994)",Drama
5690,Grave of the Fireflies (Hotaru no haka) (1988),Animation|Drama|War
105731,Carrie (2013),Drama|Horror
955,Bringing Up Baby (1938),Comedy|Romance
69685,Daria: Is It College Yet? (2002),Animation|Comedy
42738,Underworld: Evolution (2006),Action|Fantasy|Horror
574,Spanking the Monkey (1994),Comedy|Drama
29,"City of Lost Children, The (Cité des enfants perdus, La) (1995)",Adventure|Drama|Fantasy|Mystery|Sci-Fi
122882,Mad Max: Fury Road (2015),Action|Adventure|Sci-Fi|Thriller
89047,Hesher (2010),Drama
46578,Little Miss Sunshine (2006),Adventure|Comedy|Drama
64497,"Day the Earth Stood Still, The (2008)",Drama|Sci-Fi|Thriller|IMAX
5919,Android (1982),Sci-Fi
1089,Reservoir Dogs (1992),Crime|Mystery|Thriller
3106,Come See the Paradise (1990),Drama|Romance
58303,"Counterfeiters, The (Die Fälscher) (2007)",Crime|Drama|War
47774,"Icicle Thief, The (Ladri di saponette) (1989)",Comedy|Fantasy
5745,"Four Seasons, The (1981)",Comedy|Drama
80834,Sintel (2010),Animation|Fantasy
5391,Thirteen Conversations About One Thing (a.k.a. 13 Conversations) (2001),Drama
142056,Iron Man & Hulk: Heroes United (2013),Action|Adventure|Animation
2059,"Parent Trap, The (1998)",Children|Comedy|Romance
7993,"Bucket Of Blood, A (1959)",Comedy|Horror
183,Mute Witness (1994),Comedy|Horror|Thriller
50147,Black Christmas (2006),Action|Horror|Thriller
7934,Zelig (1983),Comedy
3257,"Bodyguard, The (1992)",Drama|Romance|Thriller
173925,Seven Sisters (2017),Sci-Fi|Thriller
2118,"Dead Zone, The (1983)",Thriller
68554,Angels & Demons (2009),Crime|Drama|Mystery|Thriller
27186,Kirikou and the Sorceress (Kirikou et la sorcière) (1998),Adventure|Animation|Children|Fantasy
166528,Rogue One: A Star Wars Story (2016),Action|Adventure|Fantasy|Sci-Fi
31225,Coach Carter (2005),Drama
135456,Ghost in the Shell: Stand Alone Complex - The Laughing Man (2005),Action|Animation|Crime|Sci-Fi
53953,1408 (2007),Drama|Horror|Thriller
102602,Mimino (1977),Comedy
55844,Itty Bitty Titty Committee (2007),Comedy|Drama|Romance
2098,Son of Flubber (1963),Children|Comedy
2539,Analyze This (1999),Comedy
115502,"Rewrite, The (2014)",Comedy|Romance
149350,Lumberjack Man (2015),Comedy|Horror
60040,"Incredible Hulk, The (2008)",Action|Sci-Fi
320,Suture (1993),Film-Noir|Thriller
26578,"Sacrifice, The (Offret - Sacraficatio) (1986)",Drama
4844,Bandits (2001),Comedy|Crime|Romance
45175,Kinky Boots (2005),Comedy|Drama
2978,Three to Tango (1999),Comedy|Romance
82684,Trash Humpers (2009),Drama
27036,Merlin (1998),Action|Adventure|Drama|Fantasy|Romance
5628,Wasabi (2001),Action|Comedy|Crime|Drama|Thriller
26151,Au Hasard Balthazar (1966),Crime|Drama
40851,Zathura (2005),Action|Adventure|Children|Fantasy
163925,"Wings, Legs and Tails (1986)",Animation|Comedy
8912,Taxi (2004),Action|Comedy
1375,Star Trek III: The Search for Spock (1984),Action|Adventure|Sci-Fi
5189,Humanoids from the Deep (1980),Horror|Sci-Fi
5240,Running Scared (1980),Action|Drama
7879,Notorious C.H.O. (2002),Comedy
131480,Poker Night (2014),Action|Crime|Thriller
96567,"Words, The (2012)",Drama|Romance
27846,"Corporation, The (2003)",Documentary
54771,"Invasion, The (2007)",Action|Drama|Horror|Sci-Fi|Thriller
96832,Holy Motors (2012),Drama|Fantasy|Musical|Mystery|Sci-Fi
3849,The Spiral Staircase (1945),Horror|Mystery|Thriller
80549,Easy A (2010),Comedy|Romance
4289,"City of Women, The (Città delle donne, La) (1980)",Comedy|Drama
1401,Ghosts of Mississippi (1996),Drama
4985,Sheena (1984),Action|Adventure|Fantasy
7976,Ken Park (2002),Drama
64499,Che: Part One (2008),Drama|War
81564,Megamind (2010),Action|Animation|Children|Comedy|Sci-Fi|IMAX
1230,Annie Hall (1977),Comedy|Romance
109187,"Zero Theorem, The (2013)",Drama|Fantasy|Sci-Fi
5423,Gangster No. 1 (2000),Action|Crime|Thriller
387,"Low Down Dirty Shame, A (1994)",Action|Comedy
7492,Martin (1977),Drama|Horror
167706,Shakespeare Behind Bars (2005),Documentary
1459,Absolute Power (1997),Mystery|Thriller
8189,Zazie dans le métro (1960),Comedy
70703,Christopher Columbus: The Discovery (1992),Adventure
913,"Maltese Falcon, The (1941)",Film-Noir|Mystery
799,"Frighteners, The (1996)",Comedy|Horror|Thriller
476,"Inkwell, The (1994)",Comedy|Drama
8391,Big Wednesday (1978),Comedy|Drama
194,Smoke (1995),Comedy|Drama
91842,Contraband (2012),Action|Crime|Drama|Thriller
1220,"Blues Brothers, The (1980)",Action|Comedy|Musical
3415,"Mirror, The (Zerkalo) (1975)",Drama
2279,Urban Legend (1998),Horror|Thriller
60894,"Edge of Love, The (2008)",Drama|Romance|War
112556,Gone Girl (2014),Drama|Thriller
4111,Gardens of Stone (1987),Drama|War
1050,Looking for Richard (1996),Documentary|Drama
93512,"Jeff, Who Lives at Home (2012)",Comedy|Drama
4312,Himalaya (Himalaya - l'enfance d'un chef) (1999),Adventure|Drama
32029,Hostage (2005),Action|Crime|Drama|Thriller
1907,Mulan (1998),Adventure|Animation|Children|Comedy|Drama|Musical|Romance
7832,"Thin Man Goes Home, The (1945)",Comedy|Crime|Mystery
3468,"Hustler, The (1961)",Drama
2278,Ronin (1998),Action|Crime|Thriller
27555,Fubar (2002),Comedy
4975,Vanilla Sky (2001),Mystery|Romance|Sci-Fi|Thriller
3698,"Running Man, The (1987)",Action|Sci-Fi
4354,Unlawful Entry (1992),Crime|Thriller
5134,Mean Machine (2001),Comedy|Drama
160400,Genius (2016),Drama
54617,"Brice Man, The (Brice de Nice) (2005)",Comedy
6665,Dracula (1979),Horror|Romance
922,Sunset Blvd. (a.k.a. Sunset Boulevard) (1950),Drama|Film-Noir|Romance
58975,"Ruins, The (2008)",Horror|Thriller
3628,Flying Tigers (1942),Action|Drama|Romance|War
129011,Eddie Izzard: Glorious (1997),Comedy
6345,"Chorus Line, A (1985)",Comedy|Drama|Musical
219,"Cure, The (1995)",Drama
3403,Raise the Titanic (1980),Drama|Thriller
103027,Much Ado About Nothing (2012),Comedy|Drama|Romance
27683,Tremors 4: The Legend Begins (2004),Action|Comedy|Horror|Sci-Fi|Thriller|Western
144620,Goosebumps (2015),Adventure|Comedy|Horror
2747,"Little Shop of Horrors, The (1960)",Comedy|Horror
3704,Mad Max Beyond Thunderdome (1985),Action|Adventure|Sci-Fi
7167,Japanese Story (2003),Drama
37830,Final Fantasy VII: Advent Children (2004),Action|Adventure|Animation|Fantasy|Sci-Fi
1238,Local Hero (1983),Comedy
469,"House of the Spirits, The (1993)",Drama|Romance
2143,Legend (1985),Adventure|Fantasy|Romance
7205,"Wind and the Lion, The (1975)",Adventure
5499,Robin and Marian (1976),Adventure|Drama|Romance
3014,Bustin' Loose (1981),Comedy
276,Milk Money (1994),Comedy|Romance
8239,Viridiana (1961),Comedy|Drama
141544,Turbo Kid (2015),Action|Adventure|Sci-Fi
25962,King Solomon's Mines (1950),Action|Adventure|Romance
136341,Scooby-Doo! and the Samurai Sword (2009),Animation|Children|Comedy
157110,00 Schneider - Jagd auf Nihil Baxter (1994),Comedy|Crime
2615,My Science Project (1985),Adventure|Sci-Fi
6549,How to Deal (2003),Comedy|Drama|Romance
32392,800 Bullets (800 Balas) (2002),Comedy|Crime|Drama|Western
31522,"Marriage of Maria Braun, The (Ehe der Maria Braun, Die) (1979)",Drama
3727,Near Dark (1987),Horror|Western
3459,Gothic (1986),Drama|Horror
7109,Beyond the Clouds (Al di là delle nuvole) (1996),Drama|Romance
6350,Laputa: Castle in the Sky (Tenkû no shiro Rapyuta) (1986),Action|Adventure|Animation|Children|Fantasy|Sci-Fi
70946,Troll 2 (1990),Fantasy|Horror
1016,"Shaggy Dog, The (1959)",Children|Comedy
549,Thirty-Two Short Films About Glenn Gould (1993),Drama|Musical
2787,Cat's Eye (1985),Horror
6775,Life and Debt (2001),Documentary
148166,Hitchcock/Truffaut (2015),Documentary
2607,Get Real (1998),Drama|Romance
131023,That Sugar Film (2014),Documentary
5957,Two Weeks Notice (2002),Comedy|Romance
3986,"6th Day, The (2000)",Action|Sci-Fi|Thriller
51927,Dead Silence (2007),Horror|Mystery|Thriller
147328,The Adventures of Sherlock Holmes and Dr. Watson: Bloody Signature (1979),Crime
79299,"No. 1 Ladies' Detective Agency, The (2008)",Comedy|Crime|Mystery
133798,Hot Pursuit (2015),Action|Comedy
3618,Small Time Crooks (2000),Comedy|Crime
238,Far From Home: The Adventures of Yellow Dog (1995),Adventure|Children
168326,The Big Sick (2017),Comedy|Romance
73822,Meantime (1984),Comedy|Drama
308,Three Colors: White (Trzy kolory: Bialy) (1994),Comedy|Drama
4037,House of Games (1987),Crime|Film-Noir|Mystery|Thriller
4772,Dinner Rush (2000),Drama
190213,John From (2015),Drama
5684,Naqoyqatsi (2002),Documentary
42009,Cheaper by the Dozen 2 (2005),Adventure|Comedy
44204,Tsotsi (2005),Crime|Drama
5339,Husbands and Wives (1992),Comedy|Drama
3703,"Road Warrior, The (Mad Max 2) (1981)",Action|Adventure|Sci-Fi|Thriller
113159,Life After Beth (2014),Comedy|Horror|Romance
1266,Unforgiven (1992),Drama|Western
116897,Wild Tales (2014),Comedy|Drama|Thriller
84187,Evangelion: 2.0 You Can (Not) Advance (Evangerion shin gekijôban: Ha) (2009),Action|Animation|Drama|Sci-Fi
6791,Babette's Feast (Babettes gæstebud) (1987),Drama
26344,French Connection II (1975),Action|Crime|Drama|Thriller
5515,Songs From the Second Floor (Sånger från andra våningen) (2000),Drama
2762,"Sixth Sense, The (1999)",Drama|Horror|Mystery
60293,"Wackness, The (2008)",Comedy|Drama|Romance
3794,Chuck & Buck (2000),Comedy|Drama
2702,Summer of Sam (1999),Drama
26453,Smiley's People (1982),Drama|Mystery
5077,Cousins (1989),Comedy|Romance
7720,"Four Musketeers, The (1974)",Action|Adventure|Comedy|Romance
8335,Make Way for Tomorrow (1937),Drama
1371,Star Trek: The Motion Picture (1979),Adventure|Sci-Fi
2739,"Color Purple, The (1985)",Drama
99437,John Dies at the End (2012),Comedy|Fantasy|Horror
51925,Premonition (2007),Drama|Fantasy|Mystery|Thriller
1258,"Shining, The (1980)",Horror
304,Roommates (1995),Comedy|Drama
8518,Anna Christie (1930),Drama
5007,Topkapi (1964),Adventure|Comedy|Thriller
69118,In the Electric Mist (2009),Drama|Mystery
1495,Turbo: A Power Rangers Movie (1997),Action|Adventure|Children
7311,"Goodbye, Mr. Chips (1939)",Drama|Romance
60397,Mamma Mia! (2008),Comedy|Musical|Romance
60818,Hogfather (Terry Pratchett's Hogfather) (2006),Adventure|Fantasy|Thriller
7843,Lammbock (2001),Comedy
112290,Boyhood (2014),Drama
3598,Hamlet (2000),Crime|Drama|Romance|Thriller
4041,"Officer and a Gentleman, An (1982)",Drama|Romance
6603,"Double Life, A (1947)",Crime|Drama|Film-Noir
89030,Fright Night (2011),Comedy|Horror
170357,Dave Chappelle: The Age of Spin (2017),Comedy
2912,"Limey, The (1999)",Crime|Drama|Thriller
3295,Raining Stones (1993),Drama
1806,Paulie (1998),Adventure|Children|Comedy
963,"Inspector General, The (1949)",Musical
115122,What We Do in the Shadows (2014),Comedy|Horror
791,"Last Klezmer: Leopold Kozlowski, His Life and Music, The (1994)",Documentary
2881,Double Jeopardy (1999),Action|Crime|Drama|Thriller
720,Wallace & Gromit: The Best of Aardman Animation (1996),Adventure|Animation|Comedy
55294,Weirdsville (2007),Comedy|Crime|Drama
542,Son in Law (1993),Comedy|Drama|Romance
135803,Five Element Ninjas (1982),Action
26701,Patlabor: The Movie (Kidô keisatsu patorebâ: The Movie) (1989),Action|Animation|Crime|Drama|Film-Noir|Mystery|Sci-Fi|Thriller
71341,Blood Creek (a.k.a. Town Creek) (2009),Horror
2292,Overnight Delivery (1998),Comedy|Romance
6027,Dogfight (1991),Drama|Romance
184349,Elsa & Fred (2005),Comedy|Drama|Romance
84246,It Happened on Fifth Avenue (1947),Comedy|Romance
1702,Flubber (1997),Children|Comedy|Fantasy
48518,"Texas Chainsaw Massacre: The Beginning, The (2006)",Horror|Thriller
169958,Buster's Mal Heart (2017),Drama|Mystery
2492,20 Dates (1998),Comedy|Romance
33615,Madagascar (2005),Adventure|Animation|Children|Comedy
7772,Undercurrent (1946),Film-Noir|Thriller
6752,"Fighting Temptations, The (2003)",Drama
8908,Ladder 49 (2004),Action|Drama|Thriller
174909,Logan Lucky (2017),Comedy
2971,All That Jazz (1979),Drama|Fantasy|Musical
5812,Far from Heaven (2002),Drama|Romance
25905,"Miracle of Morgan's Creek, The (1944)",Comedy|Romance
170777,There Once Was a Dog (1982),Animation|Children|Comedy
4012,Punchline (1988),Comedy|Drama
71438,Still Walking (Aruitemo aruitemo) (2008),Drama
4595,Fat Man and Little Boy (1989),Drama
50440,Primeval (2007),Horror|Thriller
98243,Rise of the Guardians (2012),Adventure|Animation|Children|Fantasy|IMAX
48142,"Black Dahlia, The (2006)",Crime|Drama|Mystery|Thriller
63540,Beverly Hills Chihuahua (2008),Adventure|Children|Comedy
143559,L.A. Slasher (2015),Comedy|Crime|Fantasy
2808,Universal Soldier (1992),Action|Sci-Fi
78574,Winter's Bone (2010),Drama|Thriller
143385,Bridge of Spies (2015),Drama|Thriller
2089,"Rescuers Down Under, The (1990)",Adventure|Animation|Children
1934,You Can't Take It with You (1938),Comedy|Romance
5521,"Principal, The (1987)",Action|Crime|Drama
8906,Cannibal Holocaust (1980),Horror
31435,Rory O'Shea Was Here (Inside I'm Dancing) (2004),Drama
59501,"Chronicles of Narnia: Prince Caspian, The (2008)",Adventure|Children|Fantasy
112580,"Angriest Man in Brooklyn, The (2014)",Comedy|Drama
52604,Fracture (2007),Crime|Drama|Mystery|Thriller
5328,Rain (2001),Drama|Romance
128520,The Wedding Ringer (2015),Comedy
114601,This Is Where I Leave You (2014),Comedy|Drama
26504,Cloak & Dagger (1984),Action|Adventure|Children|Crime|Mystery|Thriller
4998,"Defiant Ones, The (1958)",Adventure|Crime|Drama|Thriller
117849,La Belle Verte (1996),Comedy
6862,Out of Time (2003),Crime|Drama|Thriller
178827,Paddington 2 (2017),Adventure|Animation|Children|Comedy
7891,"Last Man on Earth, The (Ultimo uomo della Terra, L') (1964)",Drama|Horror|Sci-Fi
135887,Minions (2015),Adventure|Animation|Children|Comedy
91666,Last Holiday (1950),Comedy|Drama|Romance
1722,Tomorrow Never Dies (1997),Action|Adventure|Thriller
7169,Chasing Liberty (2004),Comedy|Romance
8918,Eulogy (2004),Comedy|Crime|Drama
499,Mr. Wonderful (1993),Comedy|Romance
87485,Bad Teacher (2011),Comedy
236,French Kiss (1995),Action|Comedy|Romance
1104,"Streetcar Named Desire, A (1951)",Drama
32060,"Cat and the Canary, The (1927)",Horror|Mystery
3368,"Big Country, The (1958)",Romance|Western
58404,Justice League: The New Frontier (2008) ,Action|Adventure|Animation|Fantasy|Sci-Fi
118248,Dying of the Light (2014),Drama|Thriller
800,Lone Star (1996),Drama|Mystery|Western
45183,"Protector, The (a.k.a. Warrior King) (Tom yum goong) (2005)",Action|Comedy|Crime|Thriller
50064,"Good German, The (2006)",Drama|Mystery|Thriller
5461,Me Without You (2001),Comedy|Drama
27329,Paradise Lost 2: Revelations (2000),Documentary
3450,Grumpy Old Men (1993),Comedy
764,Heavy (1995),Drama|Romance
100226,Why Stop Now (2012),Comedy|Drama
362,"Jungle Book, The (1994)",Adventure|Children|Romance
2919,"Year of Living Dangerously, The (1982)",Drama|Romance|War
2682,Limbo (1999),Drama
6378,"Italian Job, The (2003)",Action|Crime
70286,District 9 (2009),Mystery|Sci-Fi|Thriller
257,Just Cause (1995),Mystery|Thriller
103042,Man of Steel (2013),Action|Adventure|Fantasy|Sci-Fi|IMAX
61248,Death Race (2008),Action|Adventure|Sci-Fi|Thriller
40966,"Libertine, The (2004)",Drama
36509,"Cave, The (2005)",Action|Adventure|Horror|Mystery|Sci-Fi|Thriller
7,Sabrina (1995),Comedy|Romance
110387,"Unknown Known, The (2013)",Documentary
8500,Godzilla vs. Mechagodzilla (Gojira tai Mekagojira) (1974),Action|Horror|Sci-Fi
93208,Mickey's The Prince and the Pauper (1990),Animation|Children
4306,Shrek (2001),Adventure|Animation|Children|Comedy|Fantasy|Romance
176423,Icarus (2017),Documentary
71823,"New York, I Love You (2009)",Drama|Romance
8014,"Spring, Summer, Fall, Winter... and Spring (Bom yeoreum gaeul gyeoul geurigo bom) (2003)",Drama
3007,American Movie (1999),Documentary
151687,Risen (2016),Children|Drama
3074,Jeremiah Johnson (1972),Western
126921,The Fox and the Hound 2 (2006),Adventure|Animation|Children|Comedy
32058,Class Action (1991),Drama
5409,Rapid Fire (1992),Action
25795,Dinner at Eight (1933),Comedy|Drama|Romance
950,"Thin Man, The (1934)",Comedy|Crime
1966,Metropolitan (1990),Comedy
43560,Nanny McPhee (2005),Children|Comedy|Fantasy
58876,Stop-Loss (2008),Drama|War
4470,Ariel (1988),Drama
4440,"Big Boss, The (Fists of Fury) (Tang shan da xiong) (1971)",Action|Thriller
5198,"Long Good Friday, The (1980)",Drama|Thriller
5629,Jonah: A VeggieTales Movie (2002),Animation|Children|Musical
65685,Inkheart (2008),Adventure|Fantasy
1355,Nightwatch (1997),Horror|Thriller
142444,The Editor (2015),Comedy|Horror|Mystery
6872,"House of the Dead, The (2003)",Action|Horror
160567,Mike & Dave Need Wedding Dates (2016),Comedy
111113,Neighbors (2014),Comedy
5752,Gregory's Girl (1981),Comedy|Romance
45106,American Dreamz (2006),Comedy|Drama
88744,Rise of the Planet of the Apes (2011),Action|Drama|Sci-Fi|Thriller
105540,"All Dogs Christmas Carol, An (1998)",Animation|Children|Comedy|Musical
97304,Argo (2012),Drama|Thriller
47465,Tideland (2005),Drama|Fantasy|Thriller
4039,Annie (1982),Children|Musical
4994,"Majestic, The (2001)",Comedy|Drama|Romance
4728,Rat Race (2001),Comedy
5548,Down and Out in Beverly Hills (1986),Comedy
62250,Gomorrah (Gomorra) (2008),Crime|Drama
182297,Porky in Wackyland (1938),Animation|Comedy|Fantasy
81,Things to Do in Denver When You're Dead (1995),Crime|Drama|Romance
3404,Titanic (1953),Action|Drama
7346,"Girl Next Door, The (2004)",Comedy|Romance
120919,Man on High Heels (2014),Action|Comedy
142420,High Rise (2015),Action|Drama|Sci-Fi
2053,"Honey, I Blew Up the Kid (1992)",Children|Comedy|Sci-Fi
55232,Resident Evil: Extinction (2007),Action|Horror|Sci-Fi|Thriller
91869,Being Elmo: A Puppeteer's Journey (2011),Documentary
81562,127 Hours (2010),Adventure|Drama|Thriller
32371,Call Northside 777 (1948),Crime|Drama|Film-Noir
1550,Trial and Error (1997),Comedy|Romance
171763,Baby Driver (2017),Action|Crime|Thriller
26183,Asterix and Cleopatra (Astérix et Cléopâtre) (1968),Action|Adventure|Animation|Children|Comedy
74754,"Room, The (2003)",Comedy|Drama|Romance
4915,"Beastmaster, The (1982)",Action|Adventure|Fantasy
77414,"Last Song, The (2010)",Drama|Romance
45517,Cars (2006),Animation|Children|Comedy
8783,"Village, The (2004)",Drama|Mystery|Thriller
4066,I'm Gonna Git You Sucka (1988),Action|Comedy
5816,Harry Potter and the Chamber of Secrets (2002),Adventure|Fantasy
4462,18 Again! (1988),Comedy|Fantasy
1281,"Great Dictator, The (1940)",Comedy|Drama|War
82242,Rare Exports: A Christmas Tale (Rare Exports) (2010),Action|Comedy
1542,Brassed Off (1996),Comedy|Drama|Romance
1351,Blood and Wine (Blood & Wine) (1996),Crime|Drama|Thriller
5028,What Time Is It There? (Ni neibian jidian) (2001),Drama
8609,Our Hospitality (1923),Comedy
86882,Midnight in Paris (2011),Comedy|Fantasy|Romance
8950,The Machinist (2004),Drama|Mystery|Thriller
86721,Idiots and Angels (2008),Animation|Drama|Fantasy
6407,"Walk, Don't Run (1966)",Comedy|Romance
228,Destiny Turns on the Radio (1995),Comedy
87444,Elektra Luxx (2010),Comedy
3912,Beautiful (2000),Comedy|Drama
32917,Boccaccio '70 (1962),Comedy|Fantasy|Romance
1178,Paths of Glory (1957),Drama|War
55052,Atonement (2007),Drama|Romance|War
111663,Zombeavers (2014),Action|Comedy|Horror
7325,Starsky & Hutch (2004),Action|Comedy|Crime|Thriller
26467,"Day After, The (1983)",Drama|Sci-Fi
26038,Teacher's Pet (1958),Comedy|Romance
2016,"Apple Dumpling Gang Rides Again, The (1979)",Children|Comedy|Western
8799,Little Black Book (2004),Comedy|Romance
1335,Blood Beach (1981),Horror|Mystery
1924,Plan 9 from Outer Space (1959),Horror|Sci-Fi
95218,First Position (2011),Documentary
440,Dave (1993),Comedy|Romance
6579,"One, Two, Three (1961)",Comedy
3306,"Circus, The (1928)",Comedy
89281,Birdemic: Shock and Terror (2010),Romance|Thriller
6888,Scary Movie 3 (2003),Comedy|Horror
62999,Madagascar: Escape 2 Africa (2008),Action|Adventure|Animation|Children|Comedy|IMAX
3937,Runaway (1984),Sci-Fi|Thriller
50613,Dead Meat (2004),Horror
6763,Duplex (2003),Comedy|Crime
2203,Shadow of a Doubt (1943),Crime|Drama|Thriller
1589,Cop Land (1997),Action|Crime|Drama|Thriller
152065,Embrace of the Serpent (2016),Adventure|Drama
6884,Veronica Guerin (2003),Crime|Drama|Thriller
83969,Down Argentine Way (1940),Comedy|Drama|Romance
2620,This Is My Father (1998),Drama|Romance
112515,"Babadook, The (2014)",Drama|Horror|Thriller
81910,"Art of the Steal, The (2009)",Documentary
4714,Any Which Way You Can (1980),Comedy
79897,Get Low (2009),Comedy|Drama|Mystery
109968,Why Don't You Play In Hell? (Jigoku de naze warui) (2013),Action|Drama
3877,Supergirl (1984),Action|Adventure|Fantasy
26523,"Silent Night, Deadly Night (1984)",Horror|Thriller
361,It Could Happen to You (1994),Comedy|Drama|Romance
2718,Drop Dead Gorgeous (1999),Comedy
3444,Bloodsport (1988),Action
44397,"Hills Have Eyes, The (2006)",Drama|Horror|Thriller
125221,The Beast of Hollow Mountain (1956),Horror|Sci-Fi|Western
8979,Guerrilla: The Taking of Patty Hearst (2004),Documentary
453,For Love or Money (1993),Comedy|Romance
337,What's Eating Gilbert Grape (1993),Drama
179815,"Roman J. Israel, Esq. (2017)",Drama|Thriller
6890,Elephant (2003),Drama
4980,Bill & Ted's Bogus Journey (1991),Adventure|Comedy|Fantasy|Sci-Fi
149354,Sisters (2015),Children|Comedy
84615,Cedar Rapids (2011),Comedy
6686,"Medallion, The (2003)",Action|Comedy|Crime|Fantasy
1998,Exorcist II: The Heretic (1977),Horror
3771,The Golden Voyage of Sinbad (1973),Action|Adventure|Fantasy
5438,Men at Work (1990),Action|Comedy
84523,Kill! (Kiru) (1968),Action|Comedy|Drama
37727,Flightplan (2005),Action|Drama|Thriller
7900,Frankenstein Must Be Destroyed (1969),Drama|Horror|Sci-Fi
87232,X-Men: First Class (2011),Action|Adventure|Sci-Fi|Thriller|War
179401,Jumanji: Welcome to the Jungle (2017),Action|Adventure|Children
5298,Human Nature (2001),Comedy|Romance
340,"War, The (1994)",Adventure|Drama|War
87222,Kung Fu Panda 2 (2011),Action|Adventure|Animation|Children|Comedy|IMAX
8880,Mask (1985),Drama
63859,Bolt (2008),Action|Adventure|Animation|Children|Comedy
59336,Redbelt (2008),Action|Drama
4091,Can't Buy Me Love (1987),Comedy|Romance
95796,Anaconda: The Offspring (2008),Action|Horror|Sci-Fi|Thriller
95738,"Adventures of Mary-Kate and Ashley, The: The Case of the Christmas Caper (1995)",Children|Musical|Mystery
68536,Stanley Kubrick: A Life in Pictures (2001),Documentary
180045,Molly's Game (2017),Drama
122627,Oblivion 2: Backlash (1996),Sci-Fi
164881,Night Guards (2016),Action|Sci-Fi
6723,Once Upon a Time in China III (Wong Fei-hung tsi sam: Siwong tsangba) (1993),Action
51174,Factory Girl (2006),Drama
26875,"Pure Formality, A (Pura formalità, Una) (1994)",Crime|Film-Noir|Mystery|Thriller
82499,How Do You Know (2010),Comedy|Drama|Romance
81819,Biutiful (2010),Drama
87304,Beginners (2010),Drama
6744,Once Bitten (1985),Comedy|Horror
710,Celtic Pride (1996),Comedy
25999,The Wild One (1953),Drama
83132,"Secret World of Arrietty, The (Kari-gurashi no Arietti) (2010)",Animation|Children|Fantasy
76077,Hot Tub Time Machine (2010),Comedy|Sci-Fi
61729,Ghost Town (2008),Comedy|Fantasy|Romance
26085,Mutiny on the Bounty (1962),Adventure|Drama|Romance
26308,Turkish Delight (Turks fruit) (1973),Drama|Romance
27513,Dog Days (Hundstage) (2001),Drama
2927,Brief Encounter (1946),Drama|Romance
3240,"Big Tease, The (1999)",Comedy
46855,Army of Shadows (L'armée des ombres) (1969),Action|Drama|Thriller|War
1979,Friday the 13th Part VI: Jason Lives (1986),Horror
1226,"Quiet Man, The (1952)",Drama|Romance
63062,Changeling (2008),Crime|Drama|Mystery
8487,Please Don't Eat the Daisies (1960),Children|Comedy|Musical
5746,Galaxy of Terror (Quest) (1981),Action|Horror|Mystery|Sci-Fi
80,"White Balloon, The (Badkonake sefid) (1995)",Children|Drama
336,"Walking Dead, The (1995)",Drama|War
121,"Boys of St. Vincent, The (1992)",Drama
39234,North Country (2005),Drama
449,Fear of a Black Hat (1994),Comedy
5074,Storytelling (2001),Comedy|Drama
27778,Ginger Snaps Back: The Beginning (2004),Fantasy|Horror
954,Mr. Smith Goes to Washington (1939),Drama
46965,Snakes on a Plane (2006),Action|Comedy|Horror|Thriller
1882,Godzilla (1998),Action|Sci-Fi|Thriller
35836,"40-Year-Old Virgin, The (2005)",Comedy|Romance
1207,To Kill a Mockingbird (1962),Drama
1703,For Richer or Poorer (1997),Comedy
70687,Paper Heart (2009),Comedy|Documentary|Drama|Romance
122092,Guy X (2005),Comedy|War
54736,"Kingdom, The (2007)",Action|Drama|Thriller
85131,Battle: Los Angeles (2011),Action|Sci-Fi|War
8094,Bad Day at Black Rock (1955),Drama|Thriller|Western
8951,Vera Drake (2004),Drama
69,Friday (1995),Comedy
131724,The Jinx: The Life and Deaths of Robert Durst (2015),Documentary
892,Twelfth Night (1996),Comedy|Drama|Romance
32862,With Six You Get Eggroll (1968),Comedy|Romance
170907,Betting on Zero (2016),Documentary
46335,"Fast and the Furious: Tokyo Drift, The (Fast and the Furious 3, The) (2006)",Action|Crime|Drama|Thriller
88911,My Afternoons with Margueritte (La tête en friche) (2010),Comedy
1449,Waiting for Guffman (1996),Comedy
33966,Cop and ½ (1993),Comedy
71106,Frequently Asked Questions About Time Travel (2009),Comedy|Sci-Fi
79224,"Karate Kid, The (2010)",Action|Children|Drama
44851,Go for Zucker! (Alles auf Zucker!) (2004),Comedy
6753,Secondhand Lions (2003),Children|Comedy|Drama
1419,Walkabout (1971),Adventure|Drama
1653,Gattaca (1997),Drama|Sci-Fi|Thriller
2470,Crocodile Dundee (1986),Adventure|Comedy
1047,"Long Kiss Goodnight, The (1996)",Action|Drama|Thriller
68659,Fanboys (2009),Adventure|Comedy|Drama
57526,Untraceable (2008),Crime|Thriller
7063,"Aguirre: The Wrath of God (Aguirre, der Zorn Gottes) (1972)",Adventure|Drama
1603,Mimic (1997),Horror|Sci-Fi|Thriller
6959,Timeline (2003),Action|Adventure|Sci-Fi
117176,The Theory of Everything (2014),Drama|Romance
2186,Strangers on a Train (1951),Crime|Drama|Film-Noir|Thriller
2577,Metroland (1997),Comedy|Drama
31617,El Cid (1961),Action|Adventure|Drama|Romance|War
141928,Bloodsucking Bastards (2015),Comedy|Horror
8955,Undertow (2004),Crime|Drama|Thriller
73268,Daybreakers (2010),Action|Drama|Horror|Thriller
55854,"Fugitive, The (1947)",Drama
3484,"Skulls, The (2000)",Thriller
1581,Out to Sea (1997),Comedy
1461,Vegas Vacation (National Lampoon's Las Vegas Vacation) (1997),Comedy
71745,Where the Wild Things Are (2009),Adventure|Children|Drama|Fantasy|IMAX
6289,Ghosts of the Abyss (2003),Documentary|IMAX
3125,"End of the Affair, The (1999)",Drama
3500,Mr. Saturday Night (1992),Comedy|Drama
4016,"Emperor's New Groove, The (2000)",Adventure|Animation|Children|Comedy|Fantasy
4524,Moon Over Parador (1988),Comedy
1276,Cool Hand Luke (1967),Drama
6428,Two Mules for Sister Sara (1970),Comedy|War|Western
142598,Last Shift (2014),Horror
32116,"Oh, God! You Devil (1984)",Comedy
85179,Summer Wars (Samâ wôzu) (2009),Adventure|Animation|Comedy|Sci-Fi
162350,The Magnificent Seven (2016),Action|Western
135436,The Secret Life of Pets (2016),Animation|Comedy
5470,The Importance of Being Earnest (1952),Comedy|Romance
33683,High Tension (Haute tension) (Switchblade Romance) (2003),Horror|Thriller
1301,Forbidden Planet (1956),Drama|Sci-Fi
61071,"Sisterhood of the Traveling Pants 2, The (2008)",Adventure|Comedy|Drama|Romance
55259,"Seeker: The Dark Is Rising, The (2007)",Action|Adventure|Drama|Fantasy
135885,Absolutely Anything (2015),Comedy|Sci-Fi
88699,Death Race 2 (2010),Action|Sci-Fi|Thriller
26871,My Father the Hero (1994),Comedy|Romance
3395,Nadine (1987),Comedy
177763,Murder on the Orient Express (2017),Crime|Drama|Mystery
94150,Hysteria (2011),Comedy|Romance
48596,"Marine, The (2006)",Action|Drama|Thriller
39516,Don't Move (Non ti muovere) (2004),Drama
25746,"Hunchback of Notre Dame, The (1923)",Drama|Horror
4052,Antitrust (2001),Crime|Drama|Thriller
2432,Stepmom (1998),Drama
2457,Running Scared (1986),Action|Comedy
75395,Frozen (2010),Drama|Horror|Thriller
595,Beauty and the Beast (1991),Animation|Children|Fantasy|Musical|Romance|IMAX
71147,Death of a Cyclist (Muerte de un ciclista) (1955),Drama
3965,"Strange Love of Martha Ivers, The (1946)",Drama|Film-Noir
3710,Action Jackson (1988),Action|Comedy|Crime|Thriller
6322,Confidence (2003),Crime|Thriller
6965,Journeys with George (2002),Documentary
5876,"Quiet American, The (2002)",Drama|Thriller|War
44,Mortal Kombat (1995),Action|Adventure|Fantasy
1126,Drop Dead Fred (1991),Comedy|Fantasy
40826,Rent (2005),Drama|Musical|Romance
6722,Once Upon a Time in China II (Wong Fei-hung Ji Yi: Naam yi dong ji keung) (1992),Action|Romance
410,Addams Family Values (1993),Children|Comedy|Fantasy
97866,"Imposter, The (2012)",Documentary
44840,"Benchwarmers, The (2006)",Comedy
110611,Cold in July (2014),Drama|Thriller
46,How to Make an American Quilt (1995),Drama|Romance
4544,Short Circuit 2 (1988),Comedy|Sci-Fi
8190,"Americanization of Emily, The (1964)",Comedy|Drama|War
27584,Dead End (2003),Comedy|Horror|Mystery|Thriller
2514,Pet Sematary II (1992),Comedy|Horror
63312,Krabat (2008),Drama|Fantasy
5788,All or Nothing (2002),Drama
3471,Close Encounters of the Third Kind (1977),Adventure|Drama|Sci-Fi
3662,Puppet Master III: Toulon's Revenge (1991),Horror|Sci-Fi|Thriller
1507,Paradise Road (1997),Drama|War
164375,All Roads Lead to Rome (2016),Comedy
71211,"Informant!, The (2009)",Comedy|Crime|Drama|Thriller
6070,Tokyo Decadence (Topâzu) (1992),Drama
6163,He Loves Me... He Loves Me Not (À la folie... pas du tout) (2002),Romance|Thriller
7390,Prey for Rock & Roll (2003),Drama|Musical
44943,9/11 (2002),Documentary
116724,You Are the Apple of My Eye (2011),Comedy|Drama|Romance
2458,Armed and Dangerous (1986),Comedy|Crime
5975,War and Peace (1956),Drama|Romance|War
104,Happy Gilmore (1996),Comedy
50798,Epic Movie (2007),Adventure|Comedy
5901,Empire (2002),Crime|Drama
33138,Palindromes (2004),Adventure|Comedy|Drama
3806,Mackenna's Gold (1969),Western
8874,Shaun of the Dead (2004),Comedy|Horror
4545,Short Circuit (1986),Comedy|Sci-Fi
119218,The Punisher: Dirty Laundry (2012),Action|Crime|Drama
104129,Man of Tai Chi (2013),Action|IMAX
106918,"Secret Life of Walter Mitty, The (2013)",Adventure|Comedy|Drama
5372,Calamity Jane (1953),Musical|Western
319,Shallow Grave (1994),Comedy|Drama|Thriller
4888,Tape (2001),Drama
59037,Speed Racer (2008),Action|Children|Sci-Fi|IMAX
5323,Jason X (2002),Horror|Sci-Fi|Thriller
4195,"Abominable Dr. Phibes, The (1971)",Horror|Mystery
750,Dr. Strangelove or: How I Learned to Stop Worrying and Love the Bomb (1964),Comedy|War
4046,Friendly Persuasion (1956),Drama
5550,Love Me Tender (1956),Musical|Western
1287,Ben-Hur (1959),Action|Adventure|Drama
2363,Godzilla (Gojira) (1954),Drama|Horror|Sci-Fi
61289,Sukiyaki Western Django (2008),Action|Western
4242,Beautiful Creatures (2000),Comedy|Crime|Drama|Thriller
4809,Silkwood (1983),Drama
2024,"Rapture, The (1991)",Drama|Mystery
184931,Death Wish (2018),Action|Crime|Drama|Thriller
7028,Quick Change (1990),Comedy|Crime
132,Jade (1995),Thriller
737,Barb Wire (1996),Action|Sci-Fi
5678,Formula 51 (2001),Action|Comedy|Crime|Thriller
129428,The Second Best Exotic Marigold Hotel (2015),Comedy|Drama
4033,Thirteen Days (2000),Drama|Thriller|War
95,Broken Arrow (1996),Action|Adventure|Thriller
7362,Taking Lives (2004),Crime|Drama|Thriller
3028,"Taming of the Shrew, The (1967)",Comedy
94266,"Five-Year Engagement, The (2012)",Comedy|Romance
292,Outbreak (1995),Action|Drama|Sci-Fi|Thriller
136800,Robot Overlords (2014),Action|Adventure|Sci-Fi
7749,Weekend (a.k.a. Le Week-end) (Week End) (1967),Drama
60674,Stargate: Continuum (2008),Sci-Fi
3115,Flawless (1999),Drama
27808,Spanglish (2004),Comedy|Drama|Romance
4381,"Closet, The (Placard, Le) (2001)",Comedy
48342,Conversations with Other Women (2005),Comedy|Drama|Romance
3130,Bonfire of the Vanities (1990),Comedy|Crime|Drama
2141,"American Tail, An (1986)",Adventure|Animation|Children|Comedy
3837,Phantasm II (1988),Action|Fantasy|Horror|Sci-Fi|Thriller
3991,102 Dalmatians (2000),Children|Comedy
59615,Indiana Jones and the Kingdom of the Crystal Skull (2008),Action|Adventure|Comedy|Sci-Fi
109161,Venus in Fur (La Vénus à la fourrure) (2013),Drama
140816,Tangerine (2015),Comedy|Drama
5884,Chopper Chicks in Zombietown (1989),Comedy|Horror
103685,"Field in England, A (2013)",Drama|Fantasy|Thriller|War
109183,Date and Switch (2014),Comedy
2724,Runaway Bride (1999),Comedy|Romance
2770,Bowfinger (1999),Comedy
173197,The Square (2017),Drama
5955,Antwone Fisher (2002),Drama
72165,Cirque du Freak: The Vampire's Assistant (2009),Action|Adventure|Comedy|Fantasy|Horror|Thriller
697,Feeling Minnesota (1996),Drama|Romance
4589,Eddie and the Cruisers (1983),Drama|Musical|Mystery
90945,"Sign of Four, The (1987)",Adventure|Crime|Drama
1904,Henry Fool (1997),Comedy|Drama
151759,Requiem for the American Dream (2015),Documentary
3747,Jesus' Son (1999),Drama
1232,Stalker (1979),Drama|Mystery|Sci-Fi
3802,Freejack (1992),Action|Sci-Fi
212,Bushwhacked (1995),Adventure|Comedy|Crime|Mystery
43928,Ultraviolet (2006),Action|Fantasy|Sci-Fi|Thriller
1088,Dirty Dancing (1987),Drama|Musical|Romance
92694,Perfect Sense (2011),Drama|Romance|Sci-Fi
5455,"Object of Beauty, The (1991)",Comedy|Drama
32009,Tyler Perry's Diary of a Mad Black Woman (2005),Comedy|Drama|Romance
109313,Chouchou (2003),Comedy
7078,Jezebel (1938),Drama
2411,Rocky IV (1985),Action|Drama
4449,Adanggaman (2000),Drama
26236,"White Sun of the Desert, The (Beloe solntse pustyni) (1970)",Action|Adventure|Comedy|Drama|Romance|War
133780,Güeros (2014),Comedy|Drama
136503,Tom and Jerry: Shiver Me Whiskers (2006),Animation|Children|Comedy
3964,"Adventures of Ichabod and Mr. Toad, The (1949)",Animation|Children
5838,Madame Bovary (1991),Drama
110102,Captain America: The Winter Soldier (2014),Action|Adventure|Sci-Fi|IMAX
85394,Cave of Forgotten Dreams (2010),Documentary
6375,Gigantic (A Tale of Two Johns) (2002),Documentary
1587,Conan the Barbarian (1982),Action|Adventure|Fantasy
173255,"Norm Macdonald: Hitler's Dog, Gossip & Trickery (2017)",Comedy
1017,Swiss Family Robinson (1960),Adventure|Children
8948,Alfie (2004),Comedy|Drama|Romance
2131,Autumn Sonata (Höstsonaten) (1978),Drama
2750,Radio Days (1987),Comedy|Drama
60760,"X-Files: I Want to Believe, The (2008)",Drama|Mystery|Sci-Fi|Thriller
6692,Stoked: The Rise and Fall of Gator (2002),Documentary
97701,Paranormal Activity 4 (2012),Horror|IMAX
3176,"Talented Mr. Ripley, The (1999)",Drama|Mystery|Thriller
26913,Street Fighter II: The Animated Movie (Sutorîto Faitâ II gekijô-ban) (1994),Action|Animation
3535,American Psycho (2000),Crime|Horror|Mystery|Thriller
43396,"World's Fastest Indian, The (2005)",Drama
114554,"Tale of Princess Kaguya, The (Kaguyahime no monogatari) (2013)",Animation|Drama|Fantasy
73881,3 Idiots (2009),Comedy|Drama|Romance
167732,A Street Cat Named Bob (2016),Comedy|Drama
62344,Rachel Getting Married (2008),Drama|Romance
113252,Housebound (2014),Comedy|Horror|Thriller
2422,"Karate Kid, Part III, The (1989)",Action|Adventure|Children|Drama
62662,Tokyo-Ga (1985),Documentary
3700,"Brother from Another Planet, The (1984)",Drama|Sci-Fi
371,"Paper, The (1994)",Comedy|Drama
8640,King Arthur (2004),Action|Adventure|Drama|War
4022,Cast Away (2000),Drama
142602,"F*ck You, Goethe 2 (2015)",Comedy
6879,Runaway Jury (2003),Drama|Thriller
117877,The Rabbi's Cat (Le chat du rabbin) (2011),Adventure|Animation
33880,Me and You and Everyone We Know (2005),Comedy|Drama
3580,Up at the Villa (2000),Drama
5333,Bob le Flambeur (1955),Crime|Drama
82167,Love and Other Drugs (2010),Comedy|Drama|Romance
111913,Lilting (2014),Drama
1306,Until the End of the World (Bis ans Ende der Welt) (1991),Adventure|Drama|Sci-Fi
2060,BASEketball (1998),Comedy
156783,Jimmy Carr: Making People Laugh (2010),Comedy
70334,Hannah Montana: The Movie (2009),Comedy|Drama|Musical|Romance
4408,September (1987),Drama
1399,Marvin's Room (1996),Drama
59814,Ex Drummer (2007),Comedy|Crime|Drama|Horror
6638,Valley Girl (1983),Comedy|Romance
26562,White Nights (1985),Drama
6334,Blue Car (2002),Drama
2504,200 Cigarettes (1999),Comedy|Drama
2381,Police Academy 4: Citizens on Patrol (1987),Comedy|Crime
176,Living in Oblivion (1995),Comedy
2683,Austin Powers: The Spy Who Shagged Me (1999),Action|Adventure|Comedy
177615,Lady Bird (2017),Comedy
47736,"Chump at Oxford, A (1940)",Comedy
7032,Revenge (1990),Drama|Romance|Thriller
1997,"Exorcist, The (1973)",Horror|Mystery
1206,"Clockwork Orange, A (1971)",Crime|Drama|Sci-Fi|Thriller
26732,Johnny Stecchino (1991),Comedy
2742,Ménage (Tenue de soirée) (1986),Comedy|Drama
45210,United 93 (2006),Crime|Drama
6320,Scenes from a Mall (1991),Comedy
26413,Snake in the Eagle's Shadow (Se ying diu sau) (1978),Action|Comedy
44243,Leprechaun 4: In Space (1997),Comedy|Fantasy|Horror|Sci-Fi
8035,"Stendhal Syndrome, The (Sindrome di Stendhal, La) (1996)",Crime|Horror|Thriller
96945,Love Lasts Three Years (L'amour dure trois ans) (2011),Comedy|Drama|Romance
6957,Bad Santa (2003),Comedy|Crime
3098,"Natural, The (1984)",Drama
6554,Garage Days (2002),Comedy|Musical
6527,Scaramouche (1952),Adventure|Romance
900,"American in Paris, An (1951)",Musical|Romance
7294,Welcome to Mooseport (2004),Comedy
2836,Outside Providence (1999),Comedy
5442,V. I. Warshawski (1991),Action|Comedy|Crime
54881,"King of Kong, The (2007)",Documentary
2741,No Mercy (1986),Action|Crime|Thriller
6764,"Rundown, The (2003)",Action|Adventure|Comedy
65230,Marley & Me (2008),Comedy|Drama
7486,Happy Together (a.k.a. Buenos Aires Affair) (Chun gwong cha sit) (1997),Drama|Romance
893,Mother Night (1996),Drama
170401,Table 19 (2017),Comedy|Drama
73,"Misérables, Les (1995)",Drama|War
58783,Youth Without Youth (2007),Drama|Romance|Sci-Fi
7266,"Lost Skeleton of Cadavra, The (2002)",Comedy|Horror|Sci-Fi
3684,"Fabulous Baker Boys, The (1989)",Drama|Romance
100383,Side Effects (2013),Crime|Drama|Mystery|Thriller
68522,Earth (2007),Documentary
39435,"Legend of Zorro, The (2005)",Action|Adventure|Drama|Western
51088,Reno 911!: Miami (2007),Comedy
6186,Gods and Generals (2003),Action|Drama|War
2080,Lady and the Tramp (1955),Animation|Children|Comedy|Romance
3112,'night Mother (1986),Drama
122896,Pirates of the Caribbean: Dead Men Tell No Tales (2017),(no genres listed)
70206,"Collector, The (2009)",Crime|Horror|Thriller
3895,"Watcher, The (2000)",Crime|Thriller
3425,Mo' Better Blues (1990),Drama|Musical
26524,"Times of Harvey Milk, The (1984)",Documentary
26082,Harakiri (Seppuku) (1962),Drama
60161,Futurama: The Beast with a Billion Backs (2008),Action|Animation|Comedy|Romance|Sci-Fi
102338,Shaolin Temple (Shao Lin si) (1976),Action|Adventure|Drama
4709,Paint Your Wagon (1969),Comedy|Musical|Western
150,Apollo 13 (1995),Adventure|Drama|IMAX
106062,Jackass Presents: Bad Grandpa (2013),Comedy
112911,Hercules (2014),Action|Adventure
8644,"I, Robot (2004)",Action|Adventure|Sci-Fi|Thriller
299,Priest (1994),Drama
59947,"Protector, The (1985)",Action|Comedy|Drama|Thriller
7357,Peyton Place (1957),Drama|Romance
4792,13 Ghosts (1960),Horror
72011,Up in the Air (2009),Drama|Romance
132084,Let It Be Me (1995),(no genres listed)
88448,Paper Birds (Pájaros de papel) (2010),Comedy|Drama
57326,In the Name of the King: A Dungeon Siege Tale (2008),Action|Adventure|Fantasy
3064,Poison Ivy: New Seduction (1997),Drama|Thriller
7218,"Ox-Bow Incident, The (1943)",Drama|Western
66203,He's Just Not That Into You (2009),Comedy|Drama|Romance
5829,Men with Brooms (2002),Comedy|Drama|Romance
6408,Animals are Beautiful People (1974),Comedy|Documentary
3044,Dead Again (1991),Mystery|Romance|Thriller
7381,"Whole Ten Yards, The (2004)",Action|Comedy|Crime
540,Sliver (1993),Thriller
4043,At Close Range (1986),Crime|Drama
47629,The Queen (2006),Drama
7704,"Delta Force, The (1986)",Action
475,In the Name of the Father (1993),Drama
141688,Legend (2015),Crime|Thriller
5416,Cherish (2002),Comedy|Drama|Thriller
6335,"Dancer Upstairs, The (2002)",Crime|Drama|Thriller
89,Nick of Time (1995),Action|Thriller
61262,Mirrors (2008),Horror|Mystery|Thriller
27816,Saints and Soldiers (2003),Action|Adventure|Drama|War
8484,"Human Condition I, The (Ningen no joken I) (1959)",Drama|War
5076,"Adventures of Huck Finn, The (1993)",Adventure|Children|Comedy|Drama
5657,Flashback (1990),Action|Adventure|Comedy|Crime|Drama
79592,"Other Guys, The (2010)",Action|Comedy
109372,About Last Night (2014),Comedy|Romance
3270,"Cutting Edge, The (1992)",Comedy|Drama|Romance
138036,The Man from U.N.C.L.E. (2015),Action|Adventure|Comedy
280,Murder in the First (1995),Drama|Thriller
1662,Gang Related (1997),Crime
93598,"Snowtown (Snowtown Murders, The) (2011)",Crime|Drama|Thriller
6765,Under the Tuscan Sun (2003),Comedy|Drama|Romance
3564,"Flintstones in Viva Rock Vegas, The (2000)",Children|Comedy
106696,Frozen (2013),Adventure|Animation|Comedy|Fantasy|Musical|Romance
7312,"Follow Me, Boys! (1966)",Comedy|Drama
1286,Somewhere in Time (1980),Drama|Romance
3198,Papillon (1973),Crime|Drama
138186,Sorrow (2015),Crime|Drama|Horror
93980,"Three Stooges, The (2012)",Comedy
2048,"Great Mouse Detective, The (1986)",Action|Animation|Children|Crime
6314,Undercover Blues (1993),Comedy|Crime
31123,Ruby & Quentin (Tais-toi!) (2003),Comedy|Crime
65188,Dear Zachary: A Letter to a Son About His Father (2008),Documentary
118696,The Hobbit: The Battle of the Five Armies (2014),Adventure|Fantasy
27912,Outfoxed: Rupert Murdoch's War on Journalism (2004),Documentary
4161,"Mexican, The (2001)",Action|Comedy
7163,Paycheck (2003),Action|Sci-Fi|Thriller
2534,Avalanche (1978),Action
1356,Star Trek: First Contact (1996),Action|Adventure|Sci-Fi|Thriller
2961,"Story of Us, The (1999)",Comedy|Drama
8623,Roxanne (1987),Comedy|Romance
100068,Comme un chef (2012),Comedy
27793,Starship Troopers 2: Hero of the Federation (2004),Action|Horror|Sci-Fi|War
89118,"Skin I Live In, The (La piel que habito) (2011)",Drama
161008,The Forbidden Dance (1990),(no genres listed)
5083,Rare Birds (2001),Comedy|Drama
132454,Girltrash: All Night Long (2014),Comedy|Crime|Drama
36527,Proof (2005),Drama
27834,"Return, The (Vozvrashcheniye) (2003)",Drama
585,"Brady Bunch Movie, The (1995)",Comedy
5480,Stuart Little 2 (2002),Children|Comedy
50796,Blood and Chocolate (2007),Drama|Fantasy|Horror|Romance
140237,The Runner (2015),Drama
1324,Amityville: Dollhouse (1996),Horror
77800,Four Lions (2010),Comedy|Drama
5925,"Beast Within, The (1982)",Horror
3303,Black Tar Heroin: The Dark End of the Street (2000),Documentary
4612,Jesus of Montreal (Jésus de Montréal) (1989),Drama
1604,Money Talks (1997),Action|Comedy
2148,House (1986),Comedy|Fantasy|Horror
3042,Meatballs III (1987),Comedy
58287,Descent (2007),Drama|Thriller
57951,Fool's Gold (2008),Action|Adventure|Comedy|Romance
104017,3 dev adam (Three Giant Men) (1973) ,Action|Adventure|Sci-Fi
3699,Starman (1984),Adventure|Drama|Romance|Sci-Fi
84374,No Strings Attached (2011),Comedy|Romance
58998,Forgetting Sarah Marshall (2008),Comedy|Romance
3157,Stuart Little (1999),Children|Comedy|Fantasy
577,Andre (1994),Adventure|Children|Drama
8360,Shrek 2 (2004),Adventure|Animation|Children|Comedy|Musical|Romance
5434,"Sorry, Wrong Number (1948)",Drama|Film-Noir|Thriller
3247,Sister Act (1992),Comedy|Crime
4139,No Man's Land (1987),Crime|Drama
130842,Power/Rangers (2015),Action|Adventure|Sci-Fi
3426,Jungle Fever (1991),Drama|Romance
52281,Grindhouse (2007),Action|Crime|Horror|Sci-Fi|Thriller
26401,Last Hurrah for Chivalry (Hao xia) (1979),Action|Drama
1009,Escape to Witch Mountain (1975),Adventure|Children|Fantasy
6440,Barton Fink (1991),Drama|Thriller
8921,"Rose Tattoo, The (1955)",Drama|Romance
140174,Room (2015),Drama
45635,"Notorious Bettie Page, The (2005)",Drama
27563,"Happiness of the Katakuris, The (Katakuri-ke no kôfuku) (2001)",Comedy|Horror|Musical
146684,Cosmic Scrat-tastrophe (2015),Animation|Children|Comedy
3624,Shanghai Noon (2000),Action|Adventure|Comedy|Western
155168,Fraktus (2012),Comedy
93982,"Raven, The (2012)",Mystery|Thriller
7026,Summer School (1987),Comedy
3034,Robin Hood (1973),Adventure|Animation|Children|Comedy|Musical
5707,Absence of Malice (1981),Drama|Romance
6663,"Pink Panther Strikes Again, The (1976)",Comedy|Crime
5275,Boxcar Bertha (1972),Drama
86781,Incendies (2010),Drama|Mystery|War
1807,"Cool, Dry Place, A (1998)",Drama
3008,Last Night (1998),Drama|Sci-Fi
5817,Ararat (2002),Drama|War
171891,Generation Iron 2,(no genres listed)
5246,Smokey and the Bandit II (1980),Action|Comedy
119828,A Man Called Blade (1977),Action|Drama|Thriller|Western
36397,Valiant (2005),Adventure|Animation|Children|Comedy|Fantasy|War
4689,"Cat o' Nine Tails, The (Gatto a nove code, Il) (1971)",Mystery|Thriller
167790,The Good Boy (2016),Children|Comedy|Drama
172881,Final Flight of the Osiris (2003),Action|Animation|Sci-Fi
134130,The Martian (2015),Adventure|Drama|Sci-Fi
2446,In Dreams (1999),Horror|Thriller
5334,Cadillac Man (1990),Comedy|Crime
163809,Over the Garden Wall (2013),Adventure|Animation|Drama
3016,Creepshow (1982),Horror
44759,Basic Instinct 2 (2006),Crime|Drama|Mystery|Thriller
168712,Fifty Shades Darker (2017),Drama|Romance
3283,Minnie and Moskowitz (1971),Action
2985,RoboCop (1987),Action|Crime|Drama|Sci-Fi|Thriller
7013,"Night of the Hunter, The (1955)",Drama|Film-Noir|Thriller
83134,Tucker & Dale vs Evil (2010),Comedy|Horror
5833,Dog Soldiers (2002),Action|Horror
6246,Talent for the Game (1991),Drama
96610,Looper (2012),Action|Crime|Sci-Fi
5785,Jackass: The Movie (2002),Action|Comedy|Documentary
120761,By the Law (1926),Drama
95145,Dragon Ball: The Curse Of The Blood Rubies (Doragon bôru: Shenron no densetsu) (1986),Action|Adventure|Animation|Children
725,"Great White Hype, The (1996)",Comedy
55820,No Country for Old Men (2007),Crime|Drama
52950,Day Watch (Dnevnoy dozor) (2006),Action|Fantasy|Horror|Thriller
7616,Body Double (1984),Mystery|Thriller
6803,Phenomena (a.k.a. Creepers) (1985),Horror|Mystery|Thriller
5325,Dogtown and Z-Boyz (2001),Documentary
88140,Captain America: The First Avenger (2011),Action|Adventure|Sci-Fi|Thriller|War
1659,Hurricane Streets (1997),Drama
4928,That Obscure Object of Desire (Cet obscur objet du désir) (1977),Drama
157270,Barbershop: The Next Cut (2016),Comedy
3361,Bull Durham (1988),Comedy|Drama|Romance
26159,Tokyo Drifter (Tôkyô nagaremono) (1966),Action|Crime|Drama
6688,Autumn Spring (Babí léto) (2001),Comedy|Drama
481,Kalifornia (1993),Drama|Thriller
94780,Snow White and the Huntsman (2012),Action|Adventure|Drama
4205,Mermaids (1990),Comedy|Drama|Romance
539,Sleepless in Seattle (1993),Comedy|Drama|Romance
78105,Prince of Persia: The Sands of Time (2010),Action|Adventure|Fantasy|Romance|IMAX
4226,Memento (2000),Mystery|Thriller
80166,"Switch, The (2010)",Comedy|Romance
1948,Tom Jones (1963),Adventure|Comedy|Romance
47202,"Secret Life of Words, The (2005)",Drama|Romance
63808,"Class, The (Entre les murs) (2008)",Drama
87529,Your Highness (2011),Action|Adventure|Comedy|Fantasy
4215,Revenge of the Nerds II: Nerds in Paradise (1987),Comedy
26084,"Music Man, The (1962)",Children|Comedy|Musical|Romance
5525,Mostly Martha (Bella Martha) (2001),Comedy|Drama|Romance
138546,The Opposite Sex (2014),Comedy
573,"Ciao, Professore! (Io speriamo che me la cavo) (1992)",Drama
466,Hot Shots! Part Deux (1993),Action|Comedy|War
6946,Looney Tunes: Back in Action (2003),Action|Animation|Children|Fantasy
97665,Asterix & Obelix: God Save Britannia (Astérix et Obélix: Au service de Sa Majesté) (2012),Adventure|Comedy
8724,"Leopard, The (Gattopardo, Il) (1963)",Drama|War
175485,Death Note (2017),Horror|Thriller
115664,The Book of Life (2014),Adventure|Animation|Romance
8363,Soul Plane (2004),Comedy
99813,"Batman: The Dark Knight Returns, Part 2 (2013)",Action|Animation
943,"Ghost and Mrs. Muir, The (1947)",Drama|Fantasy|Romance
1053,Normal Life (1996),Crime|Drama|Romance
515,"Remains of the Day, The (1993)",Drama|Romance
4874,K-PAX (2001),Drama|Fantasy|Mystery|Sci-Fi
6044,Blind Date (1984),Horror|Thriller
115617,Big Hero 6 (2014),Action|Animation|Comedy
1210,Star Wars: Episode VI - Return of the Jedi (1983),Action|Adventure|Sci-Fi
6782,Leningrad Cowboys Go America (1989),Comedy|Musical
73319,Leap Year (2010),Comedy|Romance
2374,Gung Ho (1986),Comedy|Drama
69640,Public Enemies (2009),Crime|Drama|Thriller
108188,Jack Ryan: Shadow Recruit (2014),Action|Drama|Thriller|IMAX
62439,My Best Friend's Girl (2008),Comedy|Romance
71970,"Princess and the Pirate, The (1944)",Adventure|Comedy|Romance
86298,Rio (2011),Adventure|Animation|Children|Comedy
118572,The Mule (2014),Comedy|Crime|Drama
103,Unforgettable (1996),Mystery|Sci-Fi|Thriller
1593,Picture Perfect (1997),Comedy|Romance
60885,"Zone, The (La Zona) (2007)",Drama|Thriller
81831,"First Beautiful Thing, The (La prima cosa bella) (2010)",Comedy|Drama
56757,Sweeney Todd: The Demon Barber of Fleet Street (2007),Drama|Horror|Musical|Thriller
156371,Everybody Wants Some (2016),Comedy
134515,BMX Bandits (1983),Adventure|Crime|Drama
5493,In Like Flint (1967),Action|Adventure|Comedy
4509,"Great Outdoors, The (1988)",Comedy
3244,"Goodbye Girl, The (1977)",Comedy|Romance
80880,Stone (2010),Drama|Thriller
62113,How to Lose Friends & Alienate People (2008),Comedy
351,"Corrina, Corrina (1994)",Comedy|Drama|Romance
81681,I Shot Jesse James (1949),Drama|Romance|Western
134095,My Love (2006),Animation|Drama
180297,The Disaster Artist (2017),Comedy|Drama
2272,One True Thing (1998),Drama
55444,Control (2007),Drama
5039,Dragonslayer (1981),Action|Adventure|Fantasy
139857,Colonia (2016),Thriller
6963,Devil's Playground (2002),Documentary
111384,Blue Ruin (2013),Thriller
1163,Mina Tannenbaum (1994),Drama
58332,Diary of the Dead (2007),Horror|Sci-Fi
171023,The Hero (2017),Drama
142509,Hardcore Henry (2015),Action|Adventure|Sci-Fi
8574,"Claymation Christmas Celebration, A (1987)",Animation|Children|Comedy|Musical
1695,Artemisia (1997),Drama
109687,Particle Fever (2013),Documentary
2862,Caligula (1979),Drama
6534,Hulk (2003),Action|Adventure|Sci-Fi
96114,Brake (2012),Crime|Thriller
8870,"Forgotten, The (2004)",Drama|Mystery|Sci-Fi|Thriller
4787,Little Man Tate (1991),Drama
79293,Salt (2010),Action|Thriller
7895,Bring Me the Head of Alfredo Garcia (1974),Crime|Drama|Thriller
56921,Battlestar Galactica: Razor (2007),Action|Drama|Sci-Fi|Thriller
2428,"Faculty, The (1998)",Horror|Sci-Fi
742,Thinner (1996),Horror|Thriller
4537,Running on Empty (1988),Drama
74324,Temple Grandin (2010),Drama
6678,"Handmaid's Tale, The (1990)",Drama|Sci-Fi
3040,Meatballs (1979),Comedy
91355,Asterix and the Vikings (Astérix et les Vikings) (2006),Adventure|Animation|Children|Comedy|Fantasy
1513,Romy and Michele's High School Reunion (1997),Comedy
69436,Year One (2009),Adventure|Comedy
118290,Omega Doom (1996),Sci-Fi
4197,Real Life (1979),Comedy
145951,Bloodsport: The Dark Kumite (1999),Action|Thriller
44657,Mouchette (1967),Drama
49276,Let's Go to Prison (2006),Comedy
17,Sense and Sensibility (1995),Drama|Romance
5483,"Kid Stays in the Picture, The (2002)",Documentary
1014,Pollyanna (1960),Children|Comedy|Drama
144210,Just Eat It: A Food Waste Story (2014),Documentary
61257,I.O.U.S.A. (a.k.a. IOUSA) (2008),Documentary
2566,Doug's 1st Movie (1999),Animation|Children
160684,Marauders (2016),Action
43871,Firewall (2006),Crime|Drama|Thriller
96020,Sidewalls (Medianeras) (2011),Drama
7477,Eye See You (D-Tox) (2002),Horror|Thriller
3707,9 1/2 Weeks (Nine 1/2 Weeks) (1986),Drama|Romance
2385,Home Fries (1998),Comedy|Romance
2084,Newsies (1992),Children|Musical
3788,Blow-Up (Blowup) (1966),Drama|Mystery
24,Powder (1995),Drama|Sci-Fi
2095,"Shaggy D.A., The (1976)",Children|Comedy
5241,Seems Like Old Times (1980),Comedy|Romance
6772,To Be and to Have (Être et avoir) (2002),Documentary
146688,Solace (2015),Fantasy|Mystery|Thriller
32596,Sahara (2005),Action|Adventure|Comedy
76091,Mother (Madeo) (2009),Crime|Drama|Mystery|Thriller
125974,Halloweentown High (2004),Adventure|Children|Comedy|Fantasy
2745,"Mission, The (1986)",Drama
1347,"Nightmare on Elm Street, A (1984)",Horror|Thriller
7367,"Ladykillers, The (2004)",Comedy|Crime
91571,Coriolanus (2011),Drama|Thriller
1431,Beverly Hills Ninja (1997),Action|Comedy
99114,Django Unchained (2012),Action|Drama|Western
3162,Simpatico (1999),Comedy|Drama
1873,"Misérables, Les (1998)",Crime|Drama|Romance|War
1475,Kama Sutra: A Tale of Love (1996),Romance
7839,Love Crazy (1941),Comedy
67888,Man on the Flying Trapeze (1935),Comedy
5531,Undisputed (2002),Drama
166183,Junior and Karlson (1968),Adventure|Animation|Children
95311,Presto (2008),Animation|Children|Comedy|Fantasy
74,Bed of Roses (1996),Drama|Romance
4821,Joy Ride (2001),Adventure|Thriller
61011,"Walker, The (2007)",Drama|Mystery
2921,High Plains Drifter (1973),Western
8331,"Man Who Came to Dinner, The (1942)",Comedy
1957,Chariots of Fire (1981),Drama
372,Reality Bites (1994),Comedy|Drama|Romance
25757,"Jazz Singer, The (1927)",Drama|Musical|Romance
8982,I Am David (2003),Drama
66335,Afro Samurai: Resurrection (2009),Animation
172253,The Night Before (1988),Comedy
89028,Don't Be Afraid of the Dark (2010),Horror|Thriller
32632,Electra Glide in Blue (1973),Action|Crime
80586,Flipped (2010),Comedy|Drama|Romance
7292,Best Defense (1984),Comedy|War
3501,Murphy's Romance (1985),Comedy|Romance
2028,Saving Private Ryan (1998),Action|Drama|War
2503,"Apple, The (Sib) (1998)",Drama
5951,Morvern Callar (2002),Drama
5962,Body of Evidence (1993),Drama|Thriller
42602,"Boys of Baraka, The (2005)",Documentary
53322,Ocean's Thirteen (2007),Crime|Thriller
1288,This Is Spinal Tap (1984),Comedy
2935,"Lady Eve, The (1941)",Comedy|Romance
2373,Red Sonja (1985),Action|Adventure|Fantasy
596,Pinocchio (1940),Animation|Children|Fantasy|Musical
8580,Into the Woods (1991),Adventure|Comedy|Fantasy|Musical
42730,Glory Road (2006),Drama
4848,Mulholland Drive (2001),Crime|Drama|Film-Noir|Mystery|Thriller
7193,"Adventures of Ford Fairlane, The (1990)",Action|Comedy
104760,Getaway (2013),Action|Crime
628,Primal Fear (1996),Crime|Drama|Mystery|Thriller
2795,National Lampoon's Vacation (1983),Comedy
8910,I Heart Huckabees (2004),Comedy
3959,"Time Machine, The (1960)",Action|Adventure|Sci-Fi
2801,Oscar and Lucinda (a.k.a. Oscar & Lucinda) (1997),Drama|Romance
132618,Kite (2014),Action|Crime|Drama|Mystery|Thriller
171011,Planet Earth II (2016),Documentary
8143,Lola Montès (1955),Drama
124273,Kevin Smith: Too Fat For 40 (2010),Comedy
119153,Bill Burr: You People Are All the Same (2012),Comedy
2942,Flashdance (1983),Drama|Romance
5994,Nicholas Nickleby (2002),Drama|Romance
164917,13th (2016),Documentary
587,Ghost (1990),Comedy|Drama|Fantasy|Romance|Thriller
3889,Highlander: Endgame (Highlander IV) (2000),Action|Adventure|Fantasy
183897,Isle of Dogs (2018),Animation|Comedy
66090,Eden Lake (2008),Horror|Thriller
1938,"Lost Weekend, The (1945)",Drama
5268,No Such Thing (2001),Drama|Fantasy|Romance
56788,Charlie Wilson's War (2007),Comedy|Drama|War
5313,The Scorpion King (2002),Action|Adventure|Fantasy|Thriller
7369,Scooby-Doo 2: Monsters Unleashed (2004),Action|Adventure|Children|Comedy|Mystery
128488,Wild Card (2015),Action|Crime|Drama|Thriller
26614,"Bourne Identity, The (1988)",Action|Adventure|Drama|Mystery|Thriller
54962,"Nines, The (2007)",Drama|Mystery
79501,Deadly Outlaw: Rekka (a.k.a. Violent Fire) (Jitsuroku Andô Noboru kyôdô-den: Rekka) (2002),Crime|Drama|Thriller
95313,Jack-Jack Attack (2005),Adventure|Animation|Children|Comedy
7023,"Wedding Banquet, The (Xi yan) (1993)",Comedy|Drama|Romance
1961,Rain Man (1988),Drama
114847,Autómata (Automata) (2014),Sci-Fi|Thriller
1675,Incognito (1997),Crime|Thriller
40581,Just Friends (2005),Comedy|Romance
91542,Sherlock Holmes: A Game of Shadows (2011),Action|Adventure|Comedy|Crime|Mystery|Thriller
110669,"Honest Liar, An (2014)",Comedy|Documentary
6155,How to Lose a Guy in 10 Days (2003),Comedy|Romance
165343,The Rocky Horror Picture Show: Let's Do the Time Warp Again (2016),Comedy|Horror|Sci-Fi|Thriller
39,Clueless (1995),Comedy|Romance
4562,Without a Clue (1988),Comedy|Mystery
25947,Unfaithfully Yours (1948),Comedy
718,"Visitors, The (Visiteurs, Les) (1993)",Comedy|Fantasy|Sci-Fi
8959,Birth (2004),Drama|Mystery
1221,"Godfather: Part II, The (1974)",Crime|Drama
91688,Salvation Boulevard (2011),Comedy|Thriller
2515,Children of the Corn II: The Final Sacrifice (1993),Horror
4603,Her Alibi (1989),Comedy|Romance
2710,"Blair Witch Project, The (1999)",Drama|Horror|Thriller
6051,"Harder They Come, The (1973)",Action|Crime|Drama
867,Carpool (1996),Comedy|Crime
5168,Royal Wedding (1951),Comedy|Musical|Romance
68872,Paisan (Paisà) (1946),Drama|War
127052,Operation 'Y' & Other Shurik's Adventures (1965),Comedy|Crime|Romance
5893,"Last Seduction, The (1994)",Crime|Drama|Thriller
26150,Andrei Rublev (Andrey Rublyov) (1969),Drama|War
2462,Texas Chainsaw Massacre: The Next Generation (a.k.a. The Return of the Texas Chainsaw Massacre) (1994),Horror
25927,"Stranger, The (1946)",Drama|Film-Noir|Thriller
71327,Bright Star (2009),Drama|Romance
2937,"Palm Beach Story, The (1942)",Comedy
59016,Street Kings (2008),Crime|Drama|Thriller
111781,Mission: Impossible - Rogue Nation (2015),Action|Adventure|Thriller
1585,Love Serenade (1996),Comedy
86293,Arthur (2011),Comedy
97921,Silver Linings Playbook (2012),Comedy|Drama
5704,Without Warning (a.k.a. Alien Warning) (a.k.a. It Came Without Warning) (1980),Horror|Sci-Fi
48032,"Tiger and the Snow, The (La tigre e la neve) (2005)",Comedy|Drama|Romance|War
124859,The Gambler (2014),Crime|Drama|Thriller
133716,Bootleggers (1961),Comedy|Crime
1956,Ordinary People (1980),Drama
127172,A Story of Children and Film (2013),Documentary
2497,Message in a Bottle (1999),Romance
5096,Baby's Day Out (1994),Comedy
6192,Open Hearts (Elsker dig for evigt) (2002),Romance
26603,Prince of Darkness (1987),Fantasy|Horror|Sci-Fi|Thriller
6170,"Black Stallion, The (1979)",Adventure|Children|Drama
1591,Spawn (1997),Action|Adventure|Sci-Fi|Thriller
147410,A Perfect Day (2015),Comedy|Drama
78088,Buried (2010),Mystery|Thriller
92509,"Vow, The (2012)",Drama|Romance
259,Kiss of Death (1995),Crime|Drama|Thriller
6197,Spider (2002),Drama|Mystery
34048,War of the Worlds (2005),Action|Adventure|Sci-Fi|Thriller
5065,"Mothman Prophecies, The (2002)",Drama|Fantasy|Horror|Mystery|Thriller
3168,Easy Rider (1969),Adventure|Drama
98061,Himizu (2011),Children|Crime|Drama
55269,"Darjeeling Limited, The (2007)",Adventure|Comedy|Drama
165671,Ice Guardians (2016),Documentary
3334,Key Largo (1948),Crime|Drama|Film-Noir|Thriller
5612,Trapped (2002),Action|Thriller
3663,Puppet Master 4 (1993),Horror|Sci-Fi|Thriller
4963,Ocean's Eleven (2001),Crime|Thriller
55118,Eastern Promises (2007),Crime|Drama|Thriller
906,Gaslight (1944),Drama|Thriller
3584,Breathless (1983),Action|Drama|Romance|Thriller
109317,Someone Marry Barry (2014),Comedy
3153,"7th Voyage of Sinbad, The (1958)",Action|Adventure|Fantasy
88094,Upside Down: The Creation Records Story (2010),Documentary
3773,House Party (1990),Comedy
155589,Noin 7 veljestä (1968),(no genres listed)
420,Beverly Hills Cop III (1994),Action|Comedy|Crime|Thriller
4496,D.O.A. (1988),Film-Noir|Mystery|Thriller
2100,Splash (1984),Comedy|Fantasy|Romance
470,House Party 3 (1994),Comedy
5543,"Swarm, The (1978)",Action|Horror|Sci-Fi
4355,Youngblood (1986),Action|Drama
4643,Planet of the Apes (2001),Action|Adventure|Drama|Sci-Fi
174681,"Oh, Hello: On Broadway (2017)",Comedy
4294,"5,000 Fingers of Dr. T, The (1953)",Children|Fantasy|Musical
6898,Sweet Sixteen (2002),Drama
6867,"Station Agent, The (2003)",Comedy|Drama
91266,Another Cinderella Story (2008),Children|Comedy|Musical|Romance
1914,Smoke Signals (1998),Comedy|Drama
2533,Escape from the Planet of the Apes (1971),Action|Sci-Fi
8947,"Grudge, The (2004)",Horror|Mystery|Thriller
63393,Camp Rock (2008),Comedy|Musical|Romance
2946,Help! (1965),Comedy|Musical
75947,Mondo Cane (1962),Documentary
8985,Blade: Trinity (2004),Action|Fantasy|Horror|Thriller
4142,Left Behind: The Movie (2000),Action|Adventure|Drama|Thriller
16,Casino (1995),Crime|Drama
102194,Mud (2012),Adventure|Crime|Drama
4890,Shallow Hal (2001),Comedy|Fantasy|Romance
50806,Norbit (2007),Comedy|Romance
88163,"Crazy, Stupid, Love. (2011)",Comedy|Drama|Romance
172793,Vovka in the Kingdom of Far Far Away (1965),Adventure|Animation|Children|Fantasy
3565,Where the Heart Is (2000),Comedy|Drama
5791,Frida (2002),Drama|Romance
72694,Shrink (2009),Drama
2826,"13th Warrior, The (1999)",Action|Adventure|Fantasy
117531,Watermark (2014),Documentary
90439,Margin Call (2011),Drama|Thriller
84553,Pekka ja Pätkä salapoliiseina (1957),Comedy
71867,"Misfortunates, The (De helaasheid der dingen) (2009)",Drama
2860,Blue Streak (1999),Comedy
140038,Madly in Love (1981),Comedy
65585,Bride Wars (2009),Comedy|Romance
1993,Child's Play 3 (1991),Comedy|Horror|Thriller
2901,Phantasm (1979),Horror|Sci-Fi
44195,Thank You for Smoking (2006),Comedy|Drama
129659,"McFarland, USA (2015)",Drama
179133,Loving Vincent (2017),Animation|Crime|Drama
134252,That Munchhausen (1979),Comedy|Drama|Fantasy
179,Mad Love (1995),Drama|Romance
1517,Austin Powers: International Man of Mystery (1997),Action|Adventure|Comedy
3840,Pumpkinhead (1988),Horror
1977,Friday the 13th Part IV: The Final Chapter (1984),Horror
5094,Rollerball (2002),Action|Sci-Fi
168252,Logan (2017),Action|Sci-Fi
136840,Da geht noch was! (2013),Comedy|Drama|Romance
8610,All of Me (1984),Comedy|Fantasy
62434,Zack and Miri Make a Porno (2008),Comedy|Drama|Romance
5878,Talk to Her (Hable con Ella) (2002),Drama|Romance
88932,Final Destination 5 (2011),Horror|Thriller|IMAX
113862,"Guest, The (2014)",Thriller
7139,In America (2002),Drama|Romance
4748,3 Ninjas (1992),Action|Children|Comedy
36401,"Brothers Grimm, The (2005)",Comedy|Fantasy|Horror|Thriller
126142,The Cave of the Golden Rose (1991),Adventure|Children|Fantasy
26444,"Hitch Hikers Guide to the Galaxy, The (1981)",Adventure|Comedy|Sci-Fi
2179,Topaz (1969),Thriller
8493,Memphis Belle (1990),Action|Drama|War
703,Boys (1996),Drama
86960,Across the Hall (2009),Thriller
62511,"Synecdoche, New York (2008)",Comedy|Drama
89090,Bill Cunningham New York (2011),Documentary
3917,Hellraiser (1987),Horror
49647,Charlotte's Web (2006),Children|Comedy|Drama|Fantasy
40,"Cry, the Beloved Country (1995)",Drama
7619,"Miracle Worker, The (1962)",Drama
1030,Pete's Dragon (1977),Adventure|Animation|Children|Musical
187595,Solo: A Star Wars Story (2018),Action|Adventure|Children|Sci-Fi
6332,"Lizzie McGuire Movie, The (2003)",Children|Comedy|Romance
138632,Tokyo Tribe (2014),Action|Crime|Drama|Sci-Fi
7615,Desert Hearts (1985),Drama
148956,How to Be Single (2016),Comedy|Romance
102823,As I Was Moving Ahead Occasionally I Saw Brief Glimpses of Beauty (2000),Documentary
5428,Cheech & Chong's The Corsican Brothers (1984),Comedy
102378,Syrup (2013),Comedy|Drama
1326,Amityville II: The Possession (1982),Horror
160718,Piper (2016),Animation
85334,Hard Ticket to Hawaii (1987),Action|Comedy
3389,Let's Get Harry (1986),Action|Adventure
101765,"Perfect Plan, A (Plan parfait, Un) (2012)",Adventure|Comedy|Romance
52668,In the Land of Women (2007),Comedy|Drama|Romance
26736,Riki-Oh: The Story of Ricky (Lik Wong) (1991),Action|Crime|Thriller
4158,Monkeybone (2001),Animation|Comedy|Fantasy
31660,Steamboy (Suchîmubôi) (2004),Action|Animation|Drama|Sci-Fi
5226,All the Right Moves (1983),Drama|Romance
6760,In This World (2002),Adventure|Drama
83613,Cowboys & Aliens (2011),Action|Sci-Fi|Thriller|Western|IMAX
2876,Thumbelina (1994),Animation|Children|Fantasy
159403,Neo Tokyo (1987),Adventure|Animation|Fantasy|Horror|Sci-Fi
143031,Jump In! (2007),Comedy|Drama|Romance
100304,"Liability, The (2012)",Action|Thriller
4055,Panic (2000),Drama
56171,"Golden Compass, The (2007)",Adventure|Children|Fantasy
86880,Pirates of the Caribbean: On Stranger Tides (2011),Action|Adventure|Fantasy|IMAX
1095,Glengarry Glen Ross (1992),Drama
1119,Drunks (1995),Drama
136602,Creep (2014),Horror|Thriller
3926,Voyage to the Bottom of the Sea (1961),Adventure|Sci-Fi
436,Color of Night (1994),Drama|Thriller
2538,Dancemaker (1998),Documentary
3554,Love and Basketball (2000),Drama|Romance
2827,"Astronaut's Wife, The (1999)",Horror|Sci-Fi|Thriller
2897,And the Ship Sails On (E la nave va) (1983),Comedy|War
102445,Star Trek Into Darkness (2013),Action|Adventure|Sci-Fi|IMAX
80862,Catfish (2010),Documentary|Mystery
69757,(500) Days of Summer (2009),Comedy|Drama|Romance
232,Eat Drink Man Woman (Yin shi nan nu) (1994),Comedy|Drama|Romance
37211,Go West (1940),Comedy|Musical|Western
3765,"Hot Spot, The (1990)",Crime|Drama|Romance
4263,Days of Wine and Roses (1962),Drama
147372,Doctor Who: Last Christmas (2014),Adventure|Drama|Fantasy|Sci-Fi
55167,Tekkonkinkreet (Tekkon kinkurîto) (2006),Action|Adventure|Animation|Crime|Fantasy
72226,Fantastic Mr. Fox (2009),Adventure|Animation|Children|Comedy|Crime
30,Shanghai Triad (Yao a yao yao dao waipo qiao) (1995),Crime|Drama
6302,Beginning of the End (1957),Sci-Fi
46231,Stoned (2005),Drama
6323,Identity (2003),Crime|Horror|Mystery|Thriller
105355,Blue Is the Warmest Color (La vie d'Adèle) (2013),Drama|Romance
3576,"Hidden, The (1987)",Action|Horror|Sci-Fi
5779,Piranha II: The Spawning (1981),Horror|Sci-Fi
4396,"Cannonball Run, The (1981)",Action|Comedy
3494,True Grit (1969),Adventure|Drama|Western
5523,"Adventures of Pluto Nash, The (2002)",Action|Adventure|Comedy|Sci-Fi
942,Laura (1944),Crime|Film-Noir|Mystery
5650,Strange Brew (1983),Comedy
151479,The Flash 2 - Revenge of the Trickster (1991),Action|Fantasy|Sci-Fi
6832,Regarding Henry (1991),Drama
638,Jack and Sarah (1995),Romance
7440,Paper Clips (2004),Documentary
109723,"Bag Man, The (2014)",Crime|Drama|Thriller
1068,Crossfire (1947),Crime|Film-Noir
2338,I Still Know What You Did Last Summer (1998),Horror|Mystery|Thriller
71899,Mary and Max (2009),Animation|Comedy|Drama
986,Fly Away Home (1996),Adventure|Children
3952,"Contender, The (2000)",Drama|Thriller
188,"Prophecy, The (1995)",Fantasy|Horror|Mystery
94405,Safe (2012),Action|Crime|Thriller
5609,Ballistic: Ecks vs. Sever (2002),Action|Thriller
109042,Knights of Badassdom (2013),Adventure|Comedy|Fantasy
835,Foxfire (1996),Drama
310,Rent-a-Kid (1995),Comedy
132424,The Longest Ride (2015),Drama|Romance
5569,"Last House on the Left, The (1972)",Crime|Horror|Thriller
68237,Moon (2009),Drama|Mystery|Sci-Fi|Thriller
2021,Dune (1984),Adventure|Sci-Fi
5338,Full Moon in Blue Water (1988),Drama
97225,Hotel Transylvania (2012),Animation|Children|Comedy
885,Bogus (1996),Children|Drama|Fantasy
95193,Pocahontas II: Journey to a New World (1998) ,Adventure|Animation|Children
130686,The Final Girls (2015),Comedy|Horror
3480,Lucas (1986),Drama|Romance
179953,A Bad Moms Christmas (2017),Comedy
61167,Henry Poole is Here (2008),Drama|Mystery
44974,Hard Candy (2005),Drama|Thriller
56174,I Am Legend (2007),Action|Horror|Sci-Fi|Thriller|IMAX
4558,Twins (1988),Comedy
2815,Iron Eagle (1986),Action|War
102742,Tie Xi Qu: West of the Tracks (Tiexi qu) (2003),Documentary
5989,Catch Me If You Can (2002),Crime|Drama
128944,"Honey, We Shrunk Ourselves (1997)",Action|Adventure|Children|Comedy|Sci-Fi
7812,Babylon 5: Thirdspace (1998),Drama|Sci-Fi
4967,No Man's Land (2001),Drama|War
4979,"Royal Tenenbaums, The (2001)",Comedy|Drama
8169,*batteries not included (1987),Children|Comedy|Fantasy|Sci-Fi
6786,Kiss of the Spider Woman (1985),Drama
25898,Day of Wrath (Vredens dag) (1943),Drama
4744,Jeepers Creepers (2001),Horror
3843,Sleepaway Camp (1983),Horror
1284,"Big Sleep, The (1946)",Crime|Film-Noir|Mystery
4130,Maid to Order (1987),Comedy|Fantasy
6291,Lilya 4-Ever (Lilja 4-ever) (2002),Crime|Drama
74727,Gentlemen of Fortune (Dzhentlmeny udachi) (1972),Comedy|Crime|Drama|Mystery
86922,Nothing to Declare (Rien à déclarer) (2010),Comedy
65596,Mesrine: Killer Instinct (L'instinct de mort) (2008),Action|Crime|Drama|Thriller
6169,"Black Stallion Returns, The (1983)",Adventure|Children
8119,Crossroads (1986),Drama
3417,"Crimson Pirate, The (1952)",Adventure|Comedy
6273,In a Lonely Place (1950),Drama|Film-Noir|Mystery|Romance
2244,"Allnighter, The (1987)",Comedy|Romance
55067,Requiem (2006),Drama|Thriller
174403,The Putin Interviews (2017),(no genres listed)
5254,Blade II (2002),Action|Horror|Thriller
57910,Teeth (2007),Comedy|Horror
4898,Novocaine (2001),Comedy|Crime|Mystery|Thriller
53993,Evan Almighty (2007),Comedy|Fantasy
6188,Old School (2003),Comedy
4490,"Couch Trip, The (1988)",Comedy
91325,Extremely Loud and Incredibly Close (2011),Drama
90469,Paranormal Activity 3 (2011),Horror
141866,Green Room (2015),(no genres listed)
135567,Independence Day: Resurgence (2016),Action|Adventure|Sci-Fi
193579,Jon Stewart Has Left the Building (2015),Documentary
55553,Black Sheep (2006),Comedy|Horror
7899,Master of the Flying Guillotine (Du bi quan wang da po xue di zi) (1975),Action
68159,State of Play (2009),Crime|Drama|Thriller
75,Big Bully (1996),Comedy|Drama
7151,Girl with a Pearl Earring (2003),Drama|Romance
56949,27 Dresses (2008),Comedy|Romance
5364,Unfaithful (2002),Drama|Thriller
70492,Winds of the Wasteland (1936),Western
4116,Hollywood Shuffle (1987),Comedy
2496,Blast from the Past (1999),Comedy|Romance
31427,Hide and Seek (2005),Horror|Mystery|Thriller
1024,"Three Caballeros, The (1945)",Animation|Children|Musical
101895,42 (2013),Drama
3145,Cradle Will Rock (1999),Drama
70932,My Life in Ruins (2009),Comedy
1981,Friday the 13th Part VIII: Jason Takes Manhattan (1989),Horror
4929,"Toy, The (1982)",Comedy
1794,Love and Death on Long Island (1997),Comedy|Drama
3845,And God Created Woman (Et Dieu... créa la femme) (1956),Drama
4193,"Fantasticks, The (1995)",Musical
1667,Mad City (1997),Action|Drama
78266,Splice (2009),Horror|Sci-Fi|Thriller
1939,"Best Years of Our Lives, The (1946)",Drama|War
4711,Theremin: An Electronic Odyssey (1993),Documentary
2788,Monty Python's And Now for Something Completely Different (1971),Comedy
44613,Take the Lead (2006),Drama
949,East of Eden (1955),Drama
193571,Silver Spoon (2014),Comedy|Drama
5443,Juwanna Mann (2002),Comedy
59315,Iron Man (2008),Action|Adventure|Sci-Fi
58295,"Bank Job, The (2008)",Action|Crime|Thriller
163653,David Cross: Making America Great Again (2016),Comedy
670,"World of Apu, The (Apur Sansar) (1959)",Drama
8968,After the Sunset (2004),Action|Adventure|Comedy|Crime|Thriller
2115,Indiana Jones and the Temple of Doom (1984),Action|Adventure|Fantasy
6059,"Recruit, The (2003)",Action|Thriller
345,"Adventures of Priscilla, Queen of the Desert, The (1994)",Comedy|Drama
7373,Hellboy (2004),Action|Adventure|Fantasy|Horror
8362,Raising Helen (2004),Comedy|Drama|Romance
700,Angus (1995),Comedy
27751,'Salem's Lot (2004),Drama|Horror|Mystery|Thriller
174551,Obsession (1965),Comedy
27611,Battlestar Galactica (2003),Drama|Sci-Fi|War
177185,Maz Jobrani: Immigrant (2017),Comedy
534,Shadowlands (1993),Drama|Romance
7414,Going in Style (1979),Comedy|Drama
26554,"Quiet Earth, The (1985)",Drama|Mystery|Sci-Fi
1860,Character (Karakter) (1997),Drama
91485,"Expendables 2, The (2012)",Action|Adventure
3592,"Time Masters (Maîtres du temps, Les) (1982)",Animation|Sci-Fi
2425,"General, The (1998)",Crime
61352,Traitor (2008),Crime|Drama|Thriller
6853,Campus Man (1987),Comedy
111785,Midnight Chronicles (2009),Action|Adventure|Fantasy
1545,Ponette (1996),Drama
71302,Attack of the 50 Foot Woman (1958),Comedy|Sci-Fi
2135,Doctor Dolittle (1967),Adventure|Children|Musical
27741,"Twilight Samurai, The (Tasogare Seibei) (2002)",Drama|Romance
60647,Transsiberian (2008),Crime|Drama|Thriller
98809,"Hobbit: An Unexpected Journey, The (2012)",Adventure|Fantasy|IMAX
1322,Amityville 1992: It's About Time (1992),Horror
3190,Supernova (2000),Adventure|Sci-Fi|Thriller
809,Fled (1996),Action|Adventure
69529,Home (2009),Documentary
26696,Lionheart (1990),Action
2651,Frankenstein Meets the Wolf Man (1943),Horror
38159,"Short Film About Love, A (Krótki film o milosci) (1988)",Drama|Romance
4926,Everybody's Famous! (Iedereen beroemd!) (2000),Comedy|Drama|Musical
7114,"Collector, The (1965)",Drama|Horror|Thriller
7702,"Bells of St. Mary's, The (1945)",Drama
118784,Good Copy Bad Copy (2007),Documentary
157296,Finding Dory (2016),Adventure|Animation|Comedy
3327,Beyond the Mat (1999),Documentary
1648,"House of Yes, The (1997)",Comedy|Drama
69275,Dead Snow (Død snø) (2009),Action|Adventure|Comedy|Horror
3052,Dogma (1999),Adventure|Comedy|Fantasy
5324,Life or Something Like It (2002),Comedy|Romance
179813,LBJ (2017),Drama
42740,Looking for Comedy in the Muslim World (2005),Comedy
150554,The Love Bug (1997),Adventure|Children|Comedy|Fantasy
2624,After Life (Wandafuru raifu) (1998),Drama|Fantasy
2266,"Butcher's Wife, The (1991)",Comedy|Romance
8833,Vanity Fair (2004),Drama|Romance
111551,Afflicted (2013),Horror|Sci-Fi|Thriller
8462,Executive Suite (1954),Drama
139994,Fracchia contro Dracula (1985),Comedy|Horror
869,Kansas City (1996),Crime|Drama|Musical|Thriller
85025,"Eagle, The (2011)",Adventure|Drama
4069,"Wedding Planner, The (2001)",Comedy|Romance
27251,"10th Kingdom, The (2000)",Adventure|Comedy|Fantasy
2733,Vibes (1988),Adventure|Comedy|Romance
5596,Spaced Invaders (1990),Adventure|Comedy|Sci-Fi
26391,"New York, New York (1977)",Drama|Musical|Romance
114925,"Captive, The (2014)",Crime|Drama|Thriller
2398,Miracle on 34th Street (1947),Comedy|Drama
91273,Bunraku (2010),Action|Drama|Fantasy
779,'Til There Was You (1997),Drama|Romance
3003,Train of Life (Train de vie) (1998),Comedy|Drama|Romance|War
62081,Eagle Eye (2008),Action|Crime|Thriller|IMAX
5663,Below (2002),Horror
4847,Fat Girl (À ma soeur!) (2001),Drama
1189,"Thin Blue Line, The (1988)",Documentary
27826,Touch of Pink (2004),Comedy|Drama|Romance
46850,Wordplay (2006),Documentary
4640,Brother (2000),Action|Crime|Thriller
4477,Big Top Pee-Wee (1988),Adventure|Children|Comedy
92422,"Woman in Black, The (2012)",Drama|Horror|Thriller
2166,Return to Paradise (1998),Crime|Drama|Romance|Thriller
122886,Star Wars: Episode VII - The Force Awakens (2015),Action|Adventure|Fantasy|Sci-Fi|IMAX
49286,"Holiday, The (2006)",Comedy|Romance
1213,Goodfellas (1990),Crime|Drama
507,"Perfect World, A (1993)",Crime|Drama|Thriller
7212,I Was a Male War Bride (1949),Comedy|Romance
7380,Ella Enchanted (2004),Comedy|Fantasy|Romance
155820,Keanu (2016),Comedy
1844,Live Flesh (Carne trémula) (1997),Drama|Romance
175569,Wind River (2017),Action|Crime|Mystery|Thriller
8128,Au revoir les enfants (1987),Drama
3909,Woman on Top (2000),Comedy|Romance
505,North (1994),Comedy
176935,Geostorm (2017),Action
5095,"Scotland, Pa. (2001)",Comedy|Crime
153386,Long Live Ghosts! (1977),Children|Comedy|Fantasy
3392,She-Devil (1989),Comedy
78160,Ricky Gervais Live: Animals (2003),Comedy
4198,Battle Beyond the Stars (1980),Sci-Fi
